condition_id,concurrency_mode,checkpoint,retry,adaptive,skip_segmentation,batch_size,clip_duration_min,input_files,n_runs
naive_none_n1_t1min,naive,false,false,false,false,1,1,1min\corpus_1min_01.wav,3
naive_none_n1_t5min,naive,false,false,false,false,1,5,5min\corpus_5min_01.wav,3
naive_none_n1_t10min,naive,false,false,false,false,1,10,10min\corpus_10min_01.wav,3
naive_none_n1_t15min,naive,false,false,false,false,1,15,15min\corpus_15min_01.wav,3
naive_none_n5_t1min,naive,false,false,false,false,5,1,1min\corpus_1min_01.wav|1min\corpus_1min_02.wav|1min\corpus_1min_03.wav|1min\corpus_1min_04.wav|1min\corpus_1min_05.wav,3
naive_none_n5_t5min,naive,false,false,false,false,5,5,5min\corpus_5min_01.wav|5min\corpus_5min_02.wav|5min\corpus_5min_03.wav|5min\corpus_5min_04.wav|5min\corpus_5min_05.wav,3
naive_none_n5_t10min,naive,false,false,false,false,5,10,10min\corpus_10min_01.wav|10min\corpus_10min_02.wav|10min\corpus_10min_03.wav|10min\corpus_10min_04.wav|10min\corpus_10min_05.wav,3
naive_ckpt_n1_t1min,naive,true,false,false,false,1,1,1min\corpus_1min_01.wav,3
naive_ckpt_n1_t5min,naive,true,false,false,false,1,5,5min\corpus_5min_01.wav,3
naive_ckpt_n1_t10min,naive,true,false,false,false,1,10,10min\corpus_10min_01.wav,3
naive_ckpt_n1_t15min,naive,true,false,false,false,1,15,15min\corpus_15min_01.wav,3
naive_ckpt_n5_t1min,naive,true,false,false,false,5,1,1min\corpus_1min_01.wav|1min\corpus_1min_02.wav|1min\corpus_1min_03.wav|1min\corpus_1min_04.wav|1min\corpus_1min_05.wav,3
naive_ckpt_n5_t5min,naive,true,false,false,false,5,5,5min\corpus_5min_01.wav|5min\corpus_5min_02.wav|5min\corpus_5min_03.wav|5min\corpus_5min_04.wav|5min\corpus_5min_05.wav,3
naive_ckpt_n5_t10min,naive,true,false,false,false,5,10,10min\corpus_10min_01.wav|10min\corpus_10min_02.wav|10min\corpus_10min_03.wav|10min\corpus_10min_04.wav|10min\corpus_10min_05.wav,3
naive_retry_n1_t1min,naive,false,true,false,false,1,1,1min\corpus_1min_01.wav,3
naive_retry_n1_t5min,naive,false,true,false,false,1,5,5min\corpus_5min_01.wav,3
naive_retry_n1_t10min,naive,false,true,false,false,1,10,10min\corpus_10min_01.wav,3
naive_retry_n1_t15min,naive,false,true,false,false,1,15,15min\corpus_15min_01.wav,3
naive_retry_n5_t1min,naive,false,true,false,false,5,1,1min\corpus_1min_01.wav|1min\corpus_1min_02.wav|1min\corpus_1min_03.wav|1min\corpus_1min_04.wav|1min\corpus_1min_05.wav,3
naive_retry_n5_t5min,naive,false,true,false,false,5,5,5min\corpus_5min_01.wav|5min\corpus_5min_02.wav|5min\corpus_5min_03.wav|5min\corpus_5min_04.wav|5min\corpus_5min_05.wav,3
naive_retry_n5_t10min,naive,false,true,false,false,5,10,10min\corpus_10min_01.wav|10min\corpus_10min_02.wav|10min\corpus_10min_03.wav|10min\corpus_10min_04.wav|10min\corpus_10min_05.wav,3
naive_full_n1_t1min,naive,true,true,false,false,1,1,1min\corpus_1min_01.wav,3
naive_full_n1_t5min,naive,true,true,false,false,1,5,5min\corpus_5min_01.wav,3
naive_full_n1_t10min,naive,true,true,false,false,1,10,10min\corpus_10min_01.wav,3
naive_full_n1_t15min,naive,true,true,false,false,1,15,15min\corpus_15min_01.wav,3
naive_full_n5_t1min,naive,true,true,false,false,5,1,1min\corpus_1min_01.wav|1min\corpus_1min_02.wav|1min\corpus_1min_03.wav|1min\corpus_1min_04.wav|1min\corpus_1min_05.wav,3
naive_full_n5_t5min,naive,true,true,false,false,5,5,5min\corpus_5min_01.wav|5min\corpus_5min_02.wav|5min\corpus_5min_03.wav|5min\corpus_5min_04.wav|5min\corpus_5min_05.wav,3
naive_full_n5_t10min,naive,true,true,false,false,5,10,10min\corpus_10min_01.wav|10min\corpus_10min_02.wav|10min\corpus_10min_03.wav|10min\corpus_10min_04.wav|10min\corpus_10min_05.wav,3
adaptive_none_n1_t1min,adaptive,false,false,true,false,1,1,1min\corpus_1min_01.wav,3
adaptive_none_n1_t5min,adaptive,false,false,true,false,1,5,5min\corpus_5min_01.wav,3
adaptive_none_n1_t10min,adaptive,false,false,true,false,1,10,10min\corpus_10min_01.wav,3
adaptive_none_n1_t15min,adaptive,false,false,true,false,1,15,15min\corpus_15min_01.wav,3
adaptive_none_n5_t1min,adaptive,false,false,true,false,5,1,1min\corpus_1min_01.wav|1min\corpus_1min_02.wav|1min\corpus_1min_03.wav|1min\corpus_1min_04.wav|1min\corpus_1min_05.wav,3
adaptive_none_n5_t5min,adaptive,false,false,true,false,5,5,5min\corpus_5min_01.wav|5min\corpus_5min_02.wav|5min\corpus_5min_03.wav|5min\corpus_5min_04.wav|5min\corpus_5min_05.wav,3
adaptive_none_n5_t10min,adaptive,false,false,true,false,5,10,10min\corpus_10min_01.wav|10min\corpus_10min_02.wav|10min\corpus_10min_03.wav|10min\corpus_10min_04.wav|10min\corpus_10min_05.wav,3
adaptive_ckpt_n1_t1min,adaptive,true,false,true,false,1,1,1min\corpus_1min_01.wav,3
adaptive_ckpt_n1_t5min,adaptive,true,false,true,false,1,5,5min\corpus_5min_01.wav,3
adaptive_ckpt_n1_t10min,adaptive,true,false,true,false,1,10,10min\corpus_10min_01.wav,3
adaptive_ckpt_n1_t15min,adaptive,true,false,true,false,1,15,15min\corpus_15min_01.wav,3
adaptive_ckpt_n5_t1min,adaptive,true,false,true,false,5,1,1min\corpus_1min_01.wav|1min\corpus_1min_02.wav|1min\corpus_1min_03.wav|1min\corpus_1min_04.wav|1min\corpus_1min_05.wav,3
adaptive_ckpt_n5_t5min,adaptive,true,false,true,false,5,5,5min\corpus_5min_01.wav|5min\corpus_5min_02.wav|5min\corpus_5min_03.wav|5min\corpus_5min_04.wav|5min\corpus_5min_05.wav,3
adaptive_ckpt_n5_t10min,adaptive,true,false,true,false,5,10,10min\corpus_10min_01.wav|10min\corpus_10min_02.wav|10min\corpus_10min_03.wav|10min\corpus_10min_04.wav|10min\corpus_10min_05.wav,3
adaptive_retry_n1_t1min,adaptive,false,true,true,false,1,1,1min\corpus_1min_01.wav,3
adaptive_retry_n1_t5min,adaptive,false,true,true,false,1,5,5min\corpus_5min_01.wav,3
adaptive_retry_n1_t10min,adaptive,false,true,true,false,1,10,10min\corpus_10min_01.wav,3
adaptive_retry_n1_t15min,adaptive,false,true,true,false,1,15,15min\corpus_15min_01.wav,3
adaptive_retry_n5_t1min,adaptive,false,true,true,false,5,1,1min\corpus_1min_01.wav|1min\corpus_1min_02.wav|1min\corpus_1min_03.wav|1min\corpus_1min_04.wav|1min\corpus_1min_05.wav,3
adaptive_retry_n5_t5min,adaptive,false,true,true,false,5,5,5min\corpus_5min_01.wav|5min\corpus_5min_02.wav|5min\corpus_5min_03.wav|5min\corpus_5min_04.wav|5min\corpus_5min_05.wav,3
adaptive_retry_n5_t10min,adaptive,false,true,true,false,5,10,10min\corpus_10min_01.wav|10min\corpus_10min_02.wav|10min\corpus_10min_03.wav|10min\corpus_10min_04.wav|10min\corpus_10min_05.wav,3
adaptive_full_n1_t1min,adaptive,true,true,true,false,1,1,1min\corpus_1min_01.wav,3
adaptive_full_n1_t5min,adaptive,true,true,true,false,1,5,5min\corpus_5min_01.wav,3
adaptive_full_n1_t10min,adaptive,true,true,true,false,1,10,10min\corpus_10min_01.wav,3
adaptive_full_n1_t15min,adaptive,true,true,true,false,1,15,15min\corpus_15min_01.wav,3
adaptive_full_n5_t1min,adaptive,true,true,true,false,5,1,1min\corpus_1min_01.wav|1min\corpus_1min_02.wav|1min\corpus_1min_03.wav|1min\corpus_1min_04.wav|1min\corpus_1min_05.wav,3
adaptive_full_n5_t5min,adaptive,true,true,true,false,5,5,5min\corpus_5min_01.wav|5min\corpus_5min_02.wav|5min\corpus_5min_03.wav|5min\corpus_5min_04.wav|5min\corpus_5min_05.wav,3
adaptive_full_n5_t10min,adaptive,true,true,true,false,5,10,10min\corpus_10min_01.wav|10min\corpus_10min_02.wav|10min\corpus_10min_03.wav|10min\corpus_10min_04.wav|10min\corpus_10min_05.wav,3
