"condition_id","concurrency_mode","checkpoint","retry","adaptive","skip_segmentation","batch_size","clip_duration_min","input_files","n_runs"
"naive_none_n1_t1min","naive","false","false","false","false","1","1","1min\corpus_1min_01.wav","3"
"naive_none_n1_t5min","naive","false","false","false","false","1","5","5min\corpus_5min_01.wav","3"
"naive_ckpt_n1_t1min","naive","true","false","false","false","1","1","1min\corpus_1min_01.wav","3"
"naive_retry_n1_t1min","naive","false","true","false","false","1","1","1min\corpus_1min_01.wav","3"
"naive_full_n1_t1min","naive","true","true","false","false","1","1","1min\corpus_1min_01.wav","3"
"adaptive_none_n1_t1min","adaptive","false","false","true","false","1","1","1min\corpus_1min_01.wav","3"
"adaptive_none_n1_t5min","adaptive","false","false","true","false","1","5","5min\corpus_5min_01.wav","3"
"adaptive_ckpt_n1_t1min","adaptive","true","false","true","false","1","1","1min\corpus_1min_01.wav","3"
"adaptive_ckpt_n1_t5min","adaptive","true","false","true","false","1","5","5min\corpus_5min_01.wav","3"
"adaptive_retry_n1_t1min","adaptive","false","true","true","false","1","1","1min\corpus_1min_01.wav","3"
"adaptive_retry_n1_t5min","adaptive","false","true","true","false","1","5","5min\corpus_5min_01.wav","3"
"adaptive_full_n1_t1min","adaptive","true","true","true","false","1","1","1min\corpus_1min_01.wav","3"
"adaptive_full_n1_t5min","adaptive","true","true","true","false","1","5","5min\corpus_5min_01.wav","3"
