source,checkpoint,retry,concurrency_mode,n_runs,completion_rate,rtf_mean,rtf_std,seg_fail_rate,seg_resume_rate
greg,False,False,adaptive,21,1.0,3.100439724339561,0.4945020792132193,0.0,0.0
greg,False,False,naive,21,1.0,3.4460093802959024,0.9701695220551054,0.0,0.0
greg,False,True,adaptive,21,1.0,3.1215548599148586,1.064496214789932,0.0,0.0
greg,False,True,naive,21,1.0,3.6425964197682767,2.1697091190818205,0.0,0.0
greg,True,False,adaptive,21,1.0,2.985139184098875,0.5789251181508784,0.0,0.0
greg,True,False,naive,21,1.0,3.121290632167413,1.129813825831937,0.0,0.0
greg,True,True,adaptive,21,1.0,3.3444940186908716,1.4078757319328752,0.0,0.0
greg,True,True,naive,21,1.0,2.886399345752307,0.46796614908740486,0.0,0.0
shalom,False,False,adaptive,6,1.0,6.048854764642474,0.14641702143596996,0.0,0.0
shalom,False,False,naive,6,1.0,6.189069001905286,0.7275771999819349,0.0,0.0
shalom,False,True,adaptive,6,1.0,5.89819899035923,0.05831550696133613,0.0,0.0
shalom,False,True,naive,3,1.0,5.953705555555555,0.02561738956545234,0.0,0.0
shalom,True,False,adaptive,6,1.0,5.989283934112925,0.1718529270216872,0.0,0.0
shalom,True,False,naive,3,1.0,5.980622222222222,0.03224811076866559,0.0,0.0
shalom,True,True,adaptive,6,1.0,5.900287892190846,0.06166136105965692,0.0,0.0
shalom,True,True,naive,3,1.0,5.9549055555555555,0.012999212939137483,0.0,0.0
