condition_id,greg_mean_s,greg_std_s,shalom_mean_s,shalom_std_s,n_greg,n_shalom,ratio_shalom_greg,pct_slower
adaptive_ckpt_n1_t1min,189.50366666666665,18.73748767400084,366.606,10.191097929075156,3,3,1.9345588739707764,93.45588739707765
adaptive_ckpt_n1_t5min,795.797,1.3504891706340962,1760.5510000000002,10.368216481150442,3,3,2.212311682501945,121.23116825019447
adaptive_full_n1_t1min,287.20133333333337,147.35142864028612,357.3003333333333,0.8327600694877998,3,3,1.2440761649203111,24.407616492031117
adaptive_full_n1_t5min,1411.8453333333334,607.7732537076088,1753.6816666666666,5.454793977166626,3,3,1.242120241688419,24.2120241688419
adaptive_none_n1_t1min,213.09833333333336,2.063042736671576,357.1516666666667,0.6684028226551405,3,3,1.675994650357034,67.59946503570339
adaptive_none_n1_t5min,1078.459,58.52671867617391,1843.5656666666666,48.03224329898956,3,3,1.7094443707796647,70.94443707796648
adaptive_retry_n1_t1min,164.57799999999997,0.9515413811285323,356.79266666666666,0.5781257072067676,3,3,2.1679244289435204,116.79244289435204
adaptive_retry_n1_t5min,779.852,3.58539035531693,1754.9666666666665,11.213229879625766,3,3,2.250384260945239,125.0384260945239
naive_ckpt_n1_t1min,175.31766666666667,0.9846508687516174,358.83733333333333,1.9348866461199425,3,3,2.0467836479685446,104.67836479685447
naive_full_n1_t1min,185.13866666666664,0.4749277137979361,357.2943333333333,0.779952776348242,3,3,1.9298741843951204,92.98741843951204
naive_none_n1_t1min,201.835,7.024860069780754,391.92633333333333,59.09557704543828,3,3,1.9418155093682132,94.18155093682132
naive_none_n1_t5min,1262.7286666666666,46.21639935491864,1753.8203333333333,5.361883655333564,3,3,1.3889130575953768,38.89130575953768
naive_retry_n1_t1min,179.59900000000002,5.291464920038692,357.2223333333333,1.5370433739271385,3,3,1.9889995675551273,98.89995675551273
