run_id,condition_id,source,concurrency_mode,ablation,checkpoint,retry,adaptive,skip_segmentation,batch_size,clip_duration_min,run_index,n_input_files,total_audio_s,elapsed_s,rtf,success,completed,failed,total,cancelled,start_epoch_ms,end_epoch_ms,hostname,os_name,max_heap_mb,available_procs,gpu_available,n_timeline_rows,sum_transcription_wall_clock_ms,max_transcription_wall_clock_ms,sum_total_pipeline_ms,max_total_pipeline_ms,sum_queue_wait_ms,max_queue_wait_ms,sum_preprocessing_ms,max_preprocessing_ms,sum_model_acquisition_ms,max_model_acquisition_ms,sum_output_saving_ms,max_output_saving_ms,n_segments,seg_success,seg_empty,seg_failed,seg_resumed,seg_resume_events,seg_total_attempts,seg_hallucinations,seg_total_words,segmentation_engaged
adaptive_ckpt_n1_t10min__run_01,adaptive_ckpt_n1_t10min,greg,adaptive,ckpt,True,False,True,False,1,10,1,1,600.003625,1551.099,2.585149381389154,True,1,0,1,False,1790486850877,1790488401976,GREG,Windows 11,6144,8,False,1,1538346,1538346,1543096,1543096,2,2,4496,4496,3,3,201,201,21,19,2,0,0,0,21,1,1048,True
adaptive_ckpt_n1_t10min__run_02,adaptive_ckpt_n1_t10min,greg,adaptive,ckpt,True,False,True,False,1,10,2,1,600.003625,1522.808,2.5379979995954187,True,1,0,1,False,1790488405136,1790489927944,GREG,Windows 11,6144,8,False,1,1510214,1510214,1515024,1515024,2,2,4579,4579,2,2,182,182,21,19,2,0,0,0,21,1,1048,True
adaptive_ckpt_n1_t10min__run_03,adaptive_ckpt_n1_t10min,greg,adaptive,ckpt,True,False,True,False,1,10,3,1,600.003625,2055.214,3.4253359719285026,True,1,0,1,False,1790489931235,1790491986449,GREG,Windows 11,6144,8,False,1,2041821,2041821,2046613,2046613,2,2,4566,4566,5,5,187,187,21,19,2,0,0,0,21,1,1048,True
adaptive_ckpt_n1_t15min__run_01,adaptive_ckpt_n1_t15min,greg,adaptive,ckpt,True,False,True,False,1,15,1,1,900.005438,3399.841,3.777578286143644,True,1,0,1,False,1790491990064,1790495389905,GREG,Windows 11,6144,8,False,1,3378166,3378166,3386987,3386987,2,2,8593,8593,7,7,178,178,30,29,1,0,0,0,30,1,1351,True
adaptive_ckpt_n1_t15min__run_02,adaptive_ckpt_n1_t15min,greg,adaptive,ckpt,True,False,True,False,1,15,2,1,900.005438,2199.112,2.4434430139521,True,1,0,1,False,1790495393137,1790497592249,GREG,Windows 11,6144,8,False,1,2187417,2187417,2191971,2191971,3,3,4326,4326,8,8,179,179,30,29,1,0,0,0,30,1,1351,True
adaptive_ckpt_n1_t15min__run_03,adaptive_ckpt_n1_t15min,greg,adaptive,ckpt,True,False,True,False,1,15,3,1,900.005438,4335.539,4.817236448742435,True,1,0,1,False,1790497595629,1790501931168,GREG,Windows 11,6144,8,False,1,4323199,4323199,4327792,4327792,1,1,4337,4337,5,5,203,203,30,29,1,0,0,0,30,1,1351,True
adaptive_ckpt_n1_t1min__run_01,adaptive_ckpt_n1_t1min,greg,adaptive,ckpt,True,False,True,False,1,1,1,1,60.0,208.938,3.4823,True,1,0,1,False,1790483879066,1790484088004,GREG,Windows 11,6144,8,False,1,194435,194435,199121,199121,2,2,4653,4653,2,2,26,26,2,2,0,0,0,0,2,0,125,True
adaptive_ckpt_n1_t1min__run_02,adaptive_ckpt_n1_t1min,greg,adaptive,ckpt,True,False,True,False,1,1,2,1,60.0,188.022,3.1336999999999997,True,1,0,1,False,1790484090778,1790484278800,GREG,Windows 11,6144,8,False,1,170894,170894,176431,176431,2,2,5516,5516,4,4,12,12,2,2,0,0,0,0,2,0,125,True
adaptive_ckpt_n1_t1min__run_03,adaptive_ckpt_n1_t1min,greg,adaptive,ckpt,True,False,True,False,1,1,3,1,60.0,171.551,2.859183333333333,True,1,0,1,False,1790484281105,1790484452656,GREG,Windows 11,6144,8,False,1,159040,159040,163494,163494,2,2,4415,4415,4,4,30,30,2,2,0,0,0,0,2,0,125,True
adaptive_ckpt_n1_t1min__run_shalom_01,adaptive_ckpt_n1_t1min,shalom,adaptive,ckpt,True,False,True,False,1,1,1,1,60.0,361.394,6.023233333333334,True,1,0,1,False,1790509346057,1790509707451,DESKTOP-62NFFLU,Windows 10,4096,4,False,1,355979,355979,356229,356229,2,2,228,228,4,4,13,13,2,2,0,0,0,0,2,0,125,True
adaptive_ckpt_n1_t1min__run_shalom_02,adaptive_ckpt_n1_t1min,shalom,adaptive,ckpt,True,False,True,False,1,1,2,1,60.0,360.075,6.00125,True,1,0,1,False,1790509709753,1790510069828,DESKTOP-62NFFLU,Windows 10,4096,4,False,1,355197,355197,355459,355459,3,3,239,239,3,3,14,14,2,2,0,0,0,0,2,0,125,True
adaptive_ckpt_n1_t1min__run_shalom_03,adaptive_ckpt_n1_t1min,shalom,adaptive,ckpt,True,False,True,False,1,1,3,1,60.0,378.349,6.305816666666667,True,1,0,1,False,1790510072004,1790510450353,DESKTOP-62NFFLU,Windows 10,4096,4,False,1,373437,373437,373684,373684,2,2,226,226,4,4,14,14,2,2,0,0,0,0,2,0,125,True
adaptive_ckpt_n1_t5min__run_01,adaptive_ckpt_n1_t5min,greg,adaptive,ckpt,True,False,True,False,1,5,1,1,300.001813,794.918,2.64971065358195,True,1,0,1,False,1790484454979,1790485249897,GREG,Windows 11,6144,8,False,1,782175,782175,786673,786673,2,2,4397,4397,4,4,78,78,10,10,0,0,0,0,10,0,663,True
adaptive_ckpt_n1_t5min__run_02,adaptive_ckpt_n1_t5min,greg,adaptive,ckpt,True,False,True,False,1,5,2,1,300.001813,797.352,2.6578239378840016,True,1,0,1,False,1790485252739,1790486050091,GREG,Windows 11,6144,8,False,1,784773,784773,789394,789394,2,2,4524,4524,3,3,75,75,10,10,0,0,0,0,10,0,663,True
adaptive_ckpt_n1_t5min__run_03,adaptive_ckpt_n1_t5min,greg,adaptive,ckpt,True,False,True,False,1,5,3,1,300.001813,795.121,2.650387316159319,True,1,0,1,False,1790486053029,1790486848150,GREG,Windows 11,6144,8,False,1,782476,782476,787267,787267,2,2,4686,4686,3,3,83,83,10,10,0,0,0,0,10,0,663,True
adaptive_ckpt_n1_t5min__run_shalom_01,adaptive_ckpt_n1_t5min,shalom,adaptive,ckpt,True,False,True,False,1,5,1,1,300.001813,1771.192,5.903937653870111,True,1,0,1,False,1790510452734,1790512223926,DESKTOP-62NFFLU,Windows 10,4096,4,False,1,1766472,1766472,1766825,1766825,2,2,299,299,4,4,45,45,10,10,0,0,0,0,10,0,663,True
adaptive_ckpt_n1_t5min__run_shalom_02,adaptive_ckpt_n1_t5min,shalom,adaptive,ckpt,True,False,True,False,1,5,2,1,300.001813,1759.982,5.866571213021302,True,1,0,1,False,1790512226707,1790513986689,DESKTOP-62NFFLU,Windows 10,4096,4,False,1,1754797,1754797,1755159,1755159,2,2,311,311,4,4,42,42,10,10,0,0,0,0,10,0,663,True
adaptive_ckpt_n1_t5min__run_shalom_03,adaptive_ckpt_n1_t5min,shalom,adaptive,ckpt,True,False,True,False,1,5,3,1,300.001813,1750.479,5.834894737786135,True,1,0,1,False,1790513989863,1790515740342,DESKTOP-62NFFLU,Windows 10,4096,4,False,1,1745315,1745315,1745666,1745666,2,2,300,300,4,4,41,41,10,10,0,0,0,0,10,0,663,True
adaptive_ckpt_n5_t10min__run_01,adaptive_ckpt_n5_t10min,greg,adaptive,ckpt,True,False,True,False,5,10,1,5,3000.0181250000005,8605.897,2.8686150021176955,True,5,0,5,False,1790966052993,1790974658890,GREG,Windows 11,6144,8,False,5,8584971,2408118,15588327,4079798,33,9,30258,9389,6972705,2398208,293,113,105,99,6,0,0,0,105,3,3733,True
adaptive_ckpt_n5_t10min__run_02,adaptive_ckpt_n5_t10min,greg,adaptive,ckpt,True,False,True,False,5,10,2,5,3000.0181250000005,8445.504,2.815150991796091,True,5,0,5,False,1790974664423,1790983109927,GREG,Windows 11,6144,8,False,5,8431347,1995211,15066937,3721068,28,10,23765,6764,6611353,1994766,382,182,105,99,6,0,0,0,105,3,3733,True
adaptive_ckpt_n5_t10min__run_03,adaptive_ckpt_n5_t10min,greg,adaptive,ckpt,True,False,True,False,5,10,3,5,3000.0181250000005,8228.709,2.742886428394495,True,5,0,5,False,1790983113723,1790991342432,GREG,Windows 11,6144,8,False,5,8211757,1829638,14603285,3423717,28,11,31615,10427,6359519,1753240,295,111,105,99,6,0,0,0,105,3,3733,True
adaptive_ckpt_n5_t1min__run_01,adaptive_ckpt_n5_t1min,greg,adaptive,ckpt,True,False,True,False,5,1,1,5,300.0,1134.74,3.7824666666666666,True,5,0,5,False,1790950948431,1790952083171,GREG,Windows 11,6144,8,False,5,1118868,284595,2840267,762343,14,5,38443,11528,1682723,523439,151,67,10,10,0,0,0,0,10,0,393,True
adaptive_ckpt_n5_t1min__run_02,adaptive_ckpt_n5_t1min,greg,adaptive,ckpt,True,False,True,False,5,1,2,5,300.0,782.091,2.60697,True,5,0,5,False,1790952089873,1790952871964,GREG,Windows 11,6144,8,False,5,763548,179548,1908572,492666,21,10,34405,10540,1110513,352721,52,17,10,10,0,0,0,0,10,0,393,True
adaptive_ckpt_n5_t1min__run_03,adaptive_ckpt_n5_t1min,greg,adaptive,ckpt,True,False,True,False,5,1,3,5,300.0,778.539,2.59513,True,5,0,5,False,1790952874945,1790953653484,GREG,Windows 11,6144,8,False,5,762337,181811,1902110,504473,6,2,36393,10140,1103313,347973,49,13,10,10,0,0,0,0,10,0,393,True
adaptive_ckpt_n5_t5min__run_01,adaptive_ckpt_n5_t5min,greg,adaptive,ckpt,True,False,True,False,5,5,1,5,1500.0090650000002,3912.274,2.6081669046446727,True,5,0,5,False,1790953656465,1790957568739,GREG,Windows 11,6144,8,False,5,3894995,903079,9503082,2493540,12,4,35802,10004,5572007,1717629,213,84,50,49,1,0,0,0,50,2,1860,True
adaptive_ckpt_n5_t5min__run_02,adaptive_ckpt_n5_t5min,greg,adaptive,ckpt,True,False,True,False,5,5,2,5,1500.0090650000002,4056.629,2.7044029897245982,True,5,0,5,False,1790957572354,1790961628983,GREG,Windows 11,6144,8,False,5,4035871,910572,9830088,2586202,12,5,39743,10702,5754202,1713743,210,78,50,49,1,0,0,0,50,2,1860,True
adaptive_ckpt_n5_t5min__run_03,adaptive_ckpt_n5_t5min,greg,adaptive,ckpt,True,False,True,False,5,5,3,5,1500.0090650000002,4416.458,2.944287540022299,True,5,0,5,False,1790961632528,1790966048986,GREG,Windows 11,6144,8,False,5,4399044,978490,10846011,2775888,28,12,36687,11436,6410014,1864553,194,85,50,49,1,0,0,0,50,2,1860,True
adaptive_full_n1_t10min__run_01,adaptive_full_n1_t10min,greg,adaptive,full,True,True,True,False,1,10,1,1,600.003625,1687.987,2.8132946696780374,True,1,0,1,False,1790533645770,1790535333757,GREG,Windows 11,6144,8,False,1,1674201,1674201,1679449,1679449,2,2,5086,5086,3,3,121,121,21,19,2,0,0,0,21,1,1048,True
adaptive_full_n1_t10min__run_02,adaptive_full_n1_t10min,greg,adaptive,full,True,True,True,False,1,10,2,1,600.003625,1743.997,2.9066441056918615,True,1,0,1,False,1790535336863,1790537080860,GREG,Windows 11,6144,8,False,1,1728945,1728945,1734689,1734689,1,1,5533,5533,2,2,167,167,21,19,2,0,0,0,21,1,1048,True
adaptive_full_n1_t10min__run_03,adaptive_full_n1_t10min,greg,adaptive,full,True,True,True,False,1,10,3,1,600.003625,1892.978,3.1549442722116887,True,1,0,1,False,1790537084054,1790538977032,GREG,Windows 11,6144,8,False,1,1874630,1874630,1880346,1880346,2,2,5531,5531,3,3,153,153,21,19,2,0,0,0,21,1,1048,True
adaptive_full_n1_t15min__run_01,adaptive_full_n1_t15min,greg,adaptive,full,True,True,True,False,1,15,1,1,900.005438,3144.792,3.4941922206474487,True,1,0,1,False,1790538981972,1790542126764,GREG,Windows 11,6144,8,False,1,3139416,3139416,3139959,3139959,4,4,348,348,7,7,149,149,30,29,1,0,0,0,30,1,1351,True
adaptive_full_n1_t15min__run_02,adaptive_full_n1_t15min,greg,adaptive,full,True,True,True,False,1,15,2,1,900.005438,2518.177,2.797957538563228,True,1,0,1,False,1790542129713,1790544647890,GREG,Windows 11,6144,8,False,1,2513530,2513530,2514132,2514132,3,3,409,409,5,5,146,146,30,29,1,0,0,0,30,1,1351,True
adaptive_full_n1_t15min__run_03,adaptive_full_n1_t15min,greg,adaptive,full,True,True,True,False,1,15,3,1,900.005438,2454.802,2.727541297367139,True,1,0,1,False,1790544651360,1790547106162,GREG,Windows 11,6144,8,False,1,2449507,2449507,2450250,2450250,4,4,530,530,4,4,163,163,30,29,1,0,0,0,30,1,1351,True
adaptive_full_n1_t1min__run_01,adaptive_full_n1_t1min,greg,adaptive,full,True,True,True,False,1,1,1,1,60.0,166.565,2.7760833333333332,True,1,0,1,False,1790527246092,1790527412657,GREG,Windows 11,6144,8,False,1,154840,154840,159341,159341,2,2,4482,4482,2,2,12,12,2,2,0,0,0,0,2,0,125,True
adaptive_full_n1_t1min__run_02,adaptive_full_n1_t1min,greg,adaptive,full,True,True,True,False,1,1,2,1,60.0,243.608,4.060133333333334,True,1,0,1,False,1791150624104,1791150867712,GREG,Windows 11,6144,8,False,1,220676,220676,233683,233683,3,3,12958,12958,6,6,31,31,2,2,0,0,0,0,2,0,125,True
adaptive_full_n1_t1min__run_03,adaptive_full_n1_t1min,greg,adaptive,full,True,True,True,False,1,1,3,1,60.0,451.431,7.5238499999999995,True,1,0,1,False,1790528945360,1790529396791,GREG,Windows 11,6144,8,False,1,426990,426990,437773,437773,3,3,10702,10702,9,9,58,58,2,2,0,0,0,0,2,0,125,True
adaptive_full_n1_t1min__run_shalom_01,adaptive_full_n1_t1min,shalom,adaptive,full,True,True,True,False,1,1,1,1,60.0,357.723,5.9620500000000005,True,1,0,1,False,1790522094972,1790522452695,DESKTOP-62NFFLU,Windows 10,4096,4,False,1,352631,352631,352882,352882,2,2,230,230,3,3,14,14,2,2,0,0,0,0,2,0,125,True
adaptive_full_n1_t1min__run_shalom_02,adaptive_full_n1_t1min,shalom,adaptive,full,True,True,True,False,1,1,2,1,60.0,357.837,5.96395,True,1,0,1,False,1790522455198,1790522813035,DESKTOP-62NFFLU,Windows 10,4096,4,False,1,352997,352997,353241,353241,2,2,221,221,4,4,15,15,2,2,0,0,0,0,2,0,125,True
adaptive_full_n1_t1min__run_shalom_03,adaptive_full_n1_t1min,shalom,adaptive,full,True,True,True,False,1,1,3,1,60.0,356.341,5.939016666666666,True,1,0,1,False,1790522815576,1790523171917,DESKTOP-62NFFLU,Windows 10,4096,4,False,1,351481,351481,351734,351734,3,3,231,231,3,3,13,13,2,2,0,0,0,0,2,0,125,True
adaptive_full_n1_t5min__run_01,adaptive_full_n1_t5min,greg,adaptive,full,True,True,True,False,1,5,1,1,300.001813,2067.42,6.891358353224351,True,1,0,1,False,1790529400566,1790531467986,GREG,Windows 11,6144,8,False,1,2043726,2043726,2053137,2053137,6,6,9204,9204,13,13,154,154,10,10,0,0,0,0,10,0,663,True
adaptive_full_n1_t5min__run_02,adaptive_full_n1_t5min,greg,adaptive,full,True,True,True,False,1,5,2,1,300.001813,1300.979,4.336570459325857,True,1,0,1,False,1790531471759,1790532772738,GREG,Windows 11,6144,8,False,1,1278197,1278197,1286180,1286180,7,7,7869,7869,6,6,80,80,10,10,0,0,0,0,10,0,663,True
adaptive_full_n1_t5min__run_03,adaptive_full_n1_t5min,greg,adaptive,full,True,True,True,False,1,5,3,1,300.001813,867.137,2.890439198779108,True,1,0,1,False,1790532775665,1790533642802,GREG,Windows 11,6144,8,False,1,853475,853475,859197,859197,2,2,5601,5601,3,3,89,89,10,10,0,0,0,0,10,0,663,True
adaptive_full_n1_t5min__run_shalom_01,adaptive_full_n1_t5min,shalom,adaptive,full,True,True,True,False,1,5,1,1,300.001813,1754.657,5.8488213202898205,True,1,0,1,False,1790523174637,1790524929294,DESKTOP-62NFFLU,Windows 10,4096,4,False,1,1749534,1749534,1749892,1749892,2,2,294,294,3,3,52,52,10,10,0,0,0,0,10,0,663,True
adaptive_full_n1_t5min__run_shalom_02,adaptive_full_n1_t5min,shalom,adaptive,full,True,True,True,False,1,5,2,1,300.001813,1747.805,5.8259814583187195,True,1,0,1,False,1790524932273,1790526680078,DESKTOP-62NFFLU,Windows 10,4096,4,False,1,1742694,1742694,1743050,1743050,2,2,294,294,4,4,51,51,10,10,0,0,0,0,10,0,663,True
adaptive_full_n1_t5min__run_shalom_03,adaptive_full_n1_t5min,shalom,adaptive,full,True,True,True,False,1,5,3,1,300.001813,1758.583,5.861907907869877,True,1,0,1,False,1790526683403,1790528441986,DESKTOP-62NFFLU,Windows 10,4096,4,False,1,1753491,1753491,1753837,1753837,2,2,299,299,4,4,38,38,10,10,0,0,0,0,10,0,663,True
adaptive_full_n5_t10min__run_01,adaptive_full_n5_t10min,greg,adaptive,full,True,True,True,False,5,10,1,5,3000.0181250000005,8188.622,2.7295241757914375,True,5,0,5,False,1791062643882,1791070832504,GREG,Windows 11,6144,8,False,5,8169900,1818613,14532138,3412189,19,7,31519,8238,6330298,1743265,330,146,105,99,6,0,0,0,105,3,3733,True
adaptive_full_n5_t10min__run_02,adaptive_full_n5_t10min,greg,adaptive,full,True,True,True,False,5,10,2,5,3000.0181250000005,7701.79,2.5672478228777362,True,5,0,5,False,1791070836145,1791078537935,GREG,Windows 11,6144,8,False,5,7684976,1852737,13881354,3484280,27,9,26933,8845,6169086,1844522,273,110,105,99,6,0,0,0,105,3,3733,True
adaptive_full_n5_t10min__run_03,adaptive_full_n5_t10min,greg,adaptive,full,True,True,True,False,5,10,3,5,3000.0181250000005,7819.654,2.6065355855141705,True,5,0,5,False,1791078541743,1791086361397,GREG,Windows 11,6144,8,False,5,7806026,2360200,13254321,3719915,22,9,22228,5640,5425671,1504421,305,115,105,99,6,0,0,0,105,3,3733,True
adaptive_full_n5_t1min__run_01,adaptive_full_n5_t1min,greg,adaptive,full,True,True,True,False,5,1,1,5,300.0,717.313,2.391043333333333,True,5,0,5,False,1791047252415,1791047969728,GREG,Windows 11,6144,8,False,5,704406,163404,1754343,451615,4,2,21955,4879,1027937,302522,34,10,10,10,0,0,0,0,10,0,393,True
adaptive_full_n5_t1min__run_02,adaptive_full_n5_t1min,greg,adaptive,full,True,True,True,False,5,1,2,5,300.0,715.207,2.3840233333333334,True,5,0,5,False,1791047972632,1791048687839,GREG,Windows 11,6144,8,False,5,699183,163945,1748977,453787,3,1,35413,11705,1014327,321242,41,12,10,10,0,0,0,0,10,0,393,True
adaptive_full_n5_t1min__run_03,adaptive_full_n5_t1min,greg,adaptive,full,True,True,True,False,5,1,3,5,300.0,708.651,2.36217,True,5,0,5,False,1791048690866,1791049399517,GREG,Windows 11,6144,8,False,5,696132,164994,1724943,461789,4,3,23854,6239,1004877,317156,67,32,10,10,0,0,0,0,10,0,393,True
adaptive_full_n5_t5min__run_01,adaptive_full_n5_t5min,greg,adaptive,full,True,True,True,False,5,5,1,5,1500.0090650000002,3472.972,2.3153006745329234,True,5,0,5,False,1791049402459,1791052875431,GREG,Windows 11,6144,8,False,5,3459329,792945,8439335,2165489,11,5,23675,5181,4955952,1477564,312,115,50,49,1,0,0,0,50,2,1860,True
adaptive_full_n5_t5min__run_02,adaptive_full_n5_t5min,greg,adaptive,full,True,True,True,False,5,5,2,5,1500.0090650000002,5917.522,3.944990825772109,True,5,0,5,False,1791052878534,1791058796056,GREG,Windows 11,6144,8,False,5,5905731,2061215,14654022,4554943,10,4,21491,6698,8726418,3787999,317,81,50,49,1,0,0,0,50,2,1860,True
adaptive_full_n5_t5min__run_03,adaptive_full_n5_t5min,greg,adaptive,full,True,True,True,False,5,5,3,5,1500.0090650000002,3840.818,2.5605298591978842,True,5,0,5,False,1791058799398,1791062640216,GREG,Windows 11,6144,8,False,5,3827573,857895,9311748,2336460,19,13,24135,5047,5459735,1568776,222,110,50,49,1,0,0,0,50,2,1860,True
adaptive_none_n1_t10min__run_01,adaptive_none_n1_t10min,greg,adaptive,none,False,False,True,False,1,10,1,1,600.003625,1961.723,3.269518579991912,True,1,0,1,False,1790471510189,1790473471912,GREG,Windows 11,6144,8,False,1,1948569,1948569,1953326,1953326,3,3,4567,4567,16,16,132,132,21,19,2,0,0,0,21,1,1048,True
adaptive_none_n1_t10min__run_02,adaptive_none_n1_t10min,greg,adaptive,none,False,False,True,False,1,10,2,1,600.003625,2108.904,3.51481876463663,True,1,0,1,False,1790473475054,1790475583958,GREG,Windows 11,6144,8,False,1,2092759,2092759,2099011,2099011,4,4,5979,5979,3,3,212,212,21,19,2,0,0,0,21,1,1048,True
adaptive_none_n1_t10min__run_03,adaptive_none_n1_t10min,greg,adaptive,none,False,False,True,False,1,10,3,1,600.003625,2153.613,3.589333314444558,True,1,0,1,False,1790475587465,1790477741078,GREG,Windows 11,6144,8,False,1,2139563,2139563,2143584,2143584,3,3,3761,3761,5,5,203,203,21,19,2,0,0,0,21,1,1048,True
adaptive_none_n1_t15min__run_01,adaptive_none_n1_t15min,greg,adaptive,none,False,False,True,False,1,15,1,1,900.005438,2508.66,2.7873831580115405,True,1,0,1,False,1790910162836,1790912671496,GREG,Windows 11,6144,8,False,1,2497128,2497128,2500947,2500947,2,2,3640,3640,3,3,143,143,30,29,1,0,0,0,30,1,1351,True
adaptive_none_n1_t15min__run_02,adaptive_none_n1_t15min,greg,adaptive,none,False,False,True,False,1,15,2,1,900.005438,2618.616,2.909555753150905,True,1,0,1,False,1790478352114,1790480970730,GREG,Windows 11,6144,8,False,1,2604662,2604662,2609739,2609739,3,3,4885,4885,4,4,148,148,30,29,1,0,0,0,30,1,1351,True
adaptive_none_n1_t15min__run_03,adaptive_none_n1_t15min,greg,adaptive,none,False,False,True,False,1,15,3,1,900.005438,2601.746,2.8908114219638747,True,1,0,1,False,1790480974074,1790483575820,GREG,Windows 11,6144,8,False,1,2584026,2584026,2590607,2590607,4,4,6400,6400,5,5,142,142,30,29,1,0,0,0,30,1,1351,True
adaptive_none_n1_t1min__run_01,adaptive_none_n1_t1min,greg,adaptive,none,False,False,True,False,1,1,1,1,60.0,211.103,3.5183833333333334,True,1,0,1,False,1790467617037,1790467828140,GREG,Windows 11,6144,8,False,1,200273,200273,203801,203801,4,4,3492,3492,5,5,21,21,2,2,0,0,0,0,2,0,125,True
adaptive_none_n1_t1min__run_02,adaptive_none_n1_t1min,greg,adaptive,none,False,False,True,False,1,1,2,1,60.0,215.223,3.58705,True,1,0,1,False,1790467830639,1790468045862,GREG,Windows 11,6144,8,False,1,204116,204116,207646,207646,8,8,3489,3489,3,3,27,27,2,2,0,0,0,0,2,0,125,True
adaptive_none_n1_t1min__run_03,adaptive_none_n1_t1min,greg,adaptive,none,False,False,True,False,1,1,3,1,60.0,212.969,3.5494833333333333,True,1,0,1,False,1790468048408,1790468261377,GREG,Windows 11,6144,8,False,1,201725,201725,205358,205358,2,2,3598,3598,6,6,21,21,2,2,0,0,0,0,2,0,125,True
adaptive_none_n1_t1min__run_shalom_01,adaptive_none_n1_t1min,shalom,adaptive,none,False,False,True,False,1,1,1,1,60.0,356.385,5.93975,True,1,0,1,False,1790489423568,1790489779953,DESKTOP-62NFFLU,Windows 10,4096,4,False,1,351579,351579,351835,351835,3,3,230,230,4,4,15,15,2,2,0,0,0,0,2,0,125,True
adaptive_none_n1_t1min__run_shalom_02,adaptive_none_n1_t1min,shalom,adaptive,none,False,False,True,False,1,1,2,1,60.0,357.458,5.957633333333334,True,1,0,1,False,1790489782199,1790490139657,DESKTOP-62NFFLU,Windows 10,4096,4,False,1,352657,352657,352903,352903,2,2,222,222,4,4,15,15,2,2,0,0,0,0,2,0,125,True
adaptive_none_n1_t1min__run_shalom_03,adaptive_none_n1_t1min,shalom,adaptive,none,False,False,True,False,1,1,3,1,60.0,357.612,5.9602,True,1,0,1,False,1790490141977,1790490499589,DESKTOP-62NFFLU,Windows 10,4096,4,False,1,352769,352769,353014,353014,2,2,222,222,4,4,14,14,2,2,0,0,0,0,2,0,125,True
adaptive_none_n1_t5min__run_01,adaptive_none_n1_t5min,greg,adaptive,none,False,False,True,False,1,5,1,1,300.001813,1011.012,3.3700196338480124,True,1,0,1,False,1790468264015,1790469275027,GREG,Windows 11,6144,8,False,1,999012,999012,1002869,1002869,4,4,3667,3667,7,7,142,142,10,10,0,0,0,0,10,0,663,True
adaptive_none_n1_t5min__run_02,adaptive_none_n1_t5min,greg,adaptive,none,False,False,True,False,1,5,2,1,300.001813,1115.864,3.719524188342155,True,1,0,1,False,1790469278370,1790470394234,GREG,Windows 11,6144,8,False,1,1103917,1103917,1107780,1107780,2,2,3639,3639,7,7,176,176,10,10,0,0,0,0,10,0,663,True
adaptive_none_n1_t5min__run_03,adaptive_none_n1_t5min,greg,adaptive,none,False,False,True,False,1,5,3,1,300.001813,1108.501,3.6949810033314696,True,1,0,1,False,1790470397997,1790471506498,GREG,Windows 11,6144,8,False,1,1095724,1095724,1099961,1099961,16,16,4065,4065,0,0,114,114,10,10,0,0,0,0,10,0,663,True
adaptive_none_n1_t5min__run_shalom_01,adaptive_none_n1_t5min,shalom,adaptive,none,False,False,True,False,1,5,1,1,300.001813,1892.021,6.306698553185076,True,1,0,1,False,1790491930984,1790493823005,DESKTOP-62NFFLU,Windows 10,4096,4,False,1,1878781,1878781,1880164,1880164,3,3,1336,1336,5,5,33,33,10,10,0,0,0,0,10,0,663,True
adaptive_none_n1_t5min__run_shalom_02,adaptive_none_n1_t5min,shalom,adaptive,none,False,False,True,False,1,5,2,1,300.001813,1795.968,5.986523821441039,True,1,0,1,False,1790493825564,1790495621532,DESKTOP-62NFFLU,Windows 10,4096,4,False,1,1790184,1790184,1790504,1790504,3,3,280,280,5,5,28,28,10,10,0,0,0,0,10,0,663,True
adaptive_none_n1_t5min__run_shalom_03,adaptive_none_n1_t5min,shalom,adaptive,none,False,False,True,False,1,5,3,1,300.001813,1842.708,6.142322879895396,True,1,0,1,False,1790507500819,1790509343527,DESKTOP-62NFFLU,Windows 10,4096,4,False,1,1831630,1831630,1832903,1832903,2,2,1204,1204,4,4,51,51,10,10,0,0,0,0,10,0,663,True
adaptive_none_n5_t10min__run_01,adaptive_none_n5_t10min,greg,adaptive,none,False,False,True,False,5,10,1,5,3000.0181250000005,6977.25,2.325735948678643,True,5,0,5,False,1790927806139,1790934783389,GREG,Windows 11,6144,8,False,5,6962681,1506085,12422147,2861054,30,12,16926,4433,5442049,1493142,389,141,105,99,6,0,0,0,105,3,3733,True
adaptive_none_n5_t10min__run_02,adaptive_none_n5_t10min,greg,adaptive,none,False,False,True,False,5,10,2,5,3000.0181250000005,8058.753,2.6862347706649268,True,5,0,5,False,1790934787430,1790942846183,GREG,Windows 11,6144,8,False,5,8045752,1800852,14338675,3402873,46,25,20795,5401,6271520,1797624,478,150,105,99,6,0,0,0,105,3,3733,True
adaptive_none_n5_t10min__run_03,adaptive_none_n5_t10min,greg,adaptive,none,False,False,True,False,5,10,3,5,3000.0181250000005,8076.703,2.692218067849173,True,5,0,5,False,1790942850431,1790950927134,GREG,Windows 11,6144,8,False,5,8063175,1787083,14494546,3387403,22,9,22132,5815,6408719,1787548,409,152,105,99,6,0,0,0,105,3,3733,True
adaptive_none_n5_t1min__run_01,adaptive_none_n5_t1min,greg,adaptive,none,False,False,True,False,5,1,1,5,300.0,855.693,2.85231,True,5,0,5,False,1790912675149,1790913530842,GREG,Windows 11,6144,8,False,5,836871,197534,2093241,561761,6,3,36358,10451,1219915,384677,77,25,10,10,0,0,0,0,10,0,393,True
adaptive_none_n5_t1min__run_02,adaptive_none_n5_t1min,greg,adaptive,none,False,False,True,False,5,1,2,5,300.0,863.154,2.87718,True,5,0,5,False,1790913535137,1790914398291,GREG,Windows 11,6144,8,False,5,844737,194715,2111111,543717,22,7,39903,11108,1226341,386456,86,30,10,10,0,0,0,0,10,0,393,True
adaptive_none_n5_t1min__run_03,adaptive_none_n5_t1min,greg,adaptive,none,False,False,True,False,5,1,3,5,300.0,880.786,2.935953333333333,True,5,0,5,False,1790914401904,1790915282690,GREG,Windows 11,6144,8,False,5,860039,194342,2139339,539801,21,8,42861,12610,1236336,381863,68,22,10,10,0,0,0,0,10,0,393,True
adaptive_none_n5_t5min__run_01,adaptive_none_n5_t5min,greg,adaptive,none,False,False,True,False,5,5,1,5,1500.0090650000002,5651.596,3.767707897151941,True,5,0,5,False,1790915286738,1790920938334,GREG,Windows 11,6144,8,False,5,5635086,1949395,14914743,4235810,32,11,32308,13228,9246942,3396192,322,103,50,49,1,0,0,0,50,2,1860,True
adaptive_none_n5_t5min__run_02,adaptive_none_n5_t5min,greg,adaptive,none,False,False,True,False,5,5,2,5,1500.0090650000002,3416.327,2.277537569414622,True,5,0,5,False,1790920942019,1790924358346,GREG,Windows 11,6144,8,False,5,3404323,782898,8314346,2168925,15,7,22899,6450,4886816,1457219,229,97,50,49,1,0,0,0,50,2,1860,True
adaptive_none_n5_t5min__run_03,adaptive_none_n5_t5min,greg,adaptive,none,False,False,True,False,5,5,3,5,1500.0090650000002,3440.262,2.293494139650416,True,5,0,5,False,1790924362088,1790927802350,GREG,Windows 11,6144,8,False,5,3427517,773560,8348356,2177311,15,8,21129,4670,4899371,1449140,258,110,50,49,1,0,0,0,50,2,1860,True
adaptive_retry_n1_t10min__run_01,adaptive_retry_n1_t10min,greg,adaptive,retry,False,True,True,False,1,10,1,1,600.003625,1488.196,2.4803116814502575,True,1,0,1,False,1790514842360,1790516330556,GREG,Windows 11,6144,8,False,1,1475840,1475840,1480171,1480171,1,1,4202,4202,2,2,98,98,21,19,2,0,0,0,21,1,1048,True
adaptive_retry_n1_t10min__run_02,adaptive_retry_n1_t10min,greg,adaptive,retry,False,True,True,False,1,10,2,1,600.003625,2399.828,3.9996891685446063,True,1,0,1,False,1790516333808,1790518733636,GREG,Windows 11,6144,8,False,1,2387051,2387051,2391583,2391583,1,1,4392,4392,3,3,111,111,21,19,2,0,0,0,21,1,1048,True
adaptive_retry_n1_t10min__run_03,adaptive_retry_n1_t10min,greg,adaptive,retry,False,True,True,False,1,10,3,1,600.003625,2025.764,3.3762529351385164,True,1,0,1,False,1790518737090,1790520762854,GREG,Windows 11,6144,8,False,1,2002046,2002046,2013112,2013112,3,3,10906,10906,3,3,128,128,21,19,2,0,0,0,21,1,1048,True
adaptive_retry_n1_t15min__run_01,adaptive_retry_n1_t15min,greg,adaptive,retry,False,True,True,False,1,15,1,1,900.005438,2080.605,2.311769365109103,True,1,0,1,False,1790520766080,1790522846685,GREG,Windows 11,6144,8,False,1,2068536,2068536,2073224,2073224,2,2,4509,4509,4,4,146,146,30,29,1,0,0,0,30,1,1351,True
adaptive_retry_n1_t15min__run_02,adaptive_retry_n1_t15min,greg,adaptive,retry,False,True,True,False,1,15,2,1,900.005438,2085.113,2.3167782237333547,True,1,0,1,False,1790522849854,1790524934967,GREG,Windows 11,6144,8,False,1,2072622,2072622,2077226,2077226,1,1,4417,4417,3,3,153,153,30,29,1,0,0,0,30,1,1351,True
adaptive_retry_n1_t15min__run_03,adaptive_retry_n1_t15min,greg,adaptive,retry,False,True,True,False,1,15,3,1,900.005438,2091.282,2.323632626761973,True,1,0,1,False,1790524938101,1790527029383,GREG,Windows 11,6144,8,False,1,2078538,2078538,2083043,2083043,2,2,4382,4382,2,2,94,94,30,29,1,0,0,0,30,1,1351,True
adaptive_retry_n1_t1min__run_01,adaptive_retry_n1_t1min,greg,adaptive,retry,False,True,True,False,1,1,1,1,60.0,163.749,2.7291499999999997,True,1,0,1,False,1790511987567,1790512151316,GREG,Windows 11,6144,8,False,1,152853,152853,156281,156281,1,1,3408,3408,3,3,14,14,2,2,0,0,0,0,2,0,125,True
adaptive_retry_n1_t1min__run_02,adaptive_retry_n1_t1min,greg,adaptive,retry,False,True,True,False,1,1,2,1,60.0,164.368,2.7394666666666665,True,1,0,1,False,1790512153526,1790512317894,GREG,Windows 11,6144,8,False,1,152962,152962,157183,157183,2,2,4203,4203,3,3,11,11,2,2,0,0,0,0,2,0,125,True
adaptive_retry_n1_t1min__run_03,adaptive_retry_n1_t1min,greg,adaptive,retry,False,True,True,False,1,1,3,1,60.0,165.617,2.760283333333333,True,1,0,1,False,1790512326294,1790512491911,GREG,Windows 11,6144,8,False,1,153812,153812,158194,158194,2,2,4361,4361,3,3,14,14,2,2,0,0,0,0,2,0,125,True
adaptive_retry_n1_t1min__run_shalom_01,adaptive_retry_n1_t1min,shalom,adaptive,retry,False,True,True,False,1,1,1,1,60.0,357.43,5.957166666666667,True,1,0,1,False,1790515744284,1790516101714,DESKTOP-62NFFLU,Windows 10,4096,4,False,1,352479,352479,352730,352730,3,3,228,228,4,4,14,14,2,2,0,0,0,0,2,0,125,True
adaptive_retry_n1_t1min__run_shalom_02,adaptive_retry_n1_t1min,shalom,adaptive,retry,False,True,True,False,1,1,2,1,60.0,356.302,5.938366666666667,True,1,0,1,False,1790516103936,1790516460238,DESKTOP-62NFFLU,Windows 10,4096,4,False,1,351487,351487,351744,351744,2,2,232,232,5,5,16,16,2,2,0,0,0,0,2,0,125,True
adaptive_retry_n1_t1min__run_shalom_03,adaptive_retry_n1_t1min,shalom,adaptive,retry,False,True,True,False,1,1,3,1,60.0,356.646,5.944100000000001,True,1,0,1,False,1790516462593,1790516819239,DESKTOP-62NFFLU,Windows 10,4096,4,False,1,351795,351795,352045,352045,3,3,226,226,4,4,16,16,2,2,0,0,0,0,2,0,125,True
adaptive_retry_n1_t5min__run_01,adaptive_retry_n1_t5min,greg,adaptive,retry,False,True,True,False,1,5,1,1,300.001813,778.484,2.5949309846337494,True,1,0,1,False,1790512494099,1790513272583,GREG,Windows 11,6144,8,False,1,766483,766483,770729,770729,1,1,4176,4176,3,3,52,52,10,10,0,0,0,0,10,0,663,True
adaptive_retry_n1_t5min__run_02,adaptive_retry_n1_t5min,greg,adaptive,retry,False,True,True,False,1,5,2,1,300.001813,783.92,2.6130508751292107,True,1,0,1,False,1790513275342,1790514059262,GREG,Windows 11,6144,8,False,1,771269,771269,776057,776057,2,2,4673,4673,3,3,79,79,10,10,0,0,0,0,10,0,663,True
adaptive_retry_n1_t5min__run_03,adaptive_retry_n1_t5min,greg,adaptive,retry,False,True,True,False,1,5,3,1,300.001813,777.152,2.5904910114659874,True,1,0,1,False,1790514062320,1790514839472,GREG,Windows 11,6144,8,False,1,764985,764985,769277,769277,2,2,4210,4210,3,3,58,58,10,10,0,0,0,0,10,0,663,True
adaptive_retry_n1_t5min__run_shalom_01,adaptive_retry_n1_t5min,shalom,adaptive,retry,False,True,True,False,1,5,1,1,300.001813,1767.649,5.892127725241446,True,1,0,1,False,1790516821451,1790518589100,DESKTOP-62NFFLU,Windows 10,4096,4,False,1,1762382,1762382,1762838,1762838,2,2,392,392,4,4,55,55,10,10,0,0,0,0,10,0,663,True
adaptive_retry_n1_t5min__run_shalom_02,adaptive_retry_n1_t5min,shalom,adaptive,retry,False,True,True,False,1,5,2,1,300.001813,1746.366,5.821184820639734,True,1,0,1,False,1790518592229,1790520338595,DESKTOP-62NFFLU,Windows 10,4096,4,False,1,1741538,1741538,1741944,1741944,3,3,356,356,3,3,39,39,10,10,0,0,0,0,10,0,663,True
adaptive_retry_n1_t5min__run_shalom_03,adaptive_retry_n1_t5min,shalom,adaptive,retry,False,True,True,False,1,5,3,1,300.001813,1750.885,5.836248062940872,True,1,0,1,False,1790520341280,1790522092165,DESKTOP-62NFFLU,Windows 10,4096,4,False,1,1745646,1745646,1746104,1746104,3,3,405,405,4,4,40,40,10,10,0,0,0,0,10,0,663,True
adaptive_retry_n5_t10min__run_01,adaptive_retry_n5_t10min,greg,adaptive,retry,False,True,True,False,5,10,1,5,3000.0181250000005,21595.908,7.198592508503593,True,5,0,5,False,1791009626042,1791031221950,GREG,Windows 11,6144,8,False,5,21558586,13092638,41419653,16963447,32,10,53563,17153,19806977,13079832,420,247,105,99,6,0,0,0,106,3,3733,True
adaptive_retry_n5_t10min__run_02,adaptive_retry_n5_t10min,greg,adaptive,retry,False,True,True,False,5,10,2,5,3000.0181250000005,8306.612,2.768853938174123,True,5,0,5,False,1791031225796,1791039532408,GREG,Windows 11,6144,8,False,5,8287155,1857559,14725945,3471565,19,8,21651,5734,6414371,1778532,2109,1934,105,99,6,0,0,0,105,3,3733,True
adaptive_retry_n5_t10min__run_03,adaptive_retry_n5_t10min,greg,adaptive,retry,False,True,True,False,5,10,3,5,3000.0181250000005,7712.835,2.5709294673011347,True,5,0,5,False,1791039536013,1791047248848,GREG,Windows 11,6144,8,False,5,7690323,1890976,13883622,3577420,31,8,33242,10844,6159654,1880572,308,133,105,99,6,0,0,0,105,3,3733,True
adaptive_retry_n5_t1min__run_01,adaptive_retry_n5_t1min,greg,adaptive,retry,False,True,True,False,5,1,1,5,300.0,1122.753,3.74251,True,5,0,5,False,1790991349364,1790992472117,GREG,Windows 11,6144,8,False,5,1104003,325444,2783721,737040,16,9,22785,6108,1656746,569016,163,80,10,10,0,0,0,0,10,0,393,True
adaptive_retry_n5_t1min__run_02,adaptive_retry_n5_t1min,greg,adaptive,retry,False,True,True,False,5,1,2,5,300.0,946.099,3.1536633333333337,True,5,0,5,False,1790992477480,1790993423579,GREG,Windows 11,6144,8,False,5,935290,220800,2320835,621854,16,14,16680,4138,1368727,429206,102,48,10,10,0,0,0,0,10,0,393,True
adaptive_retry_n5_t1min__run_03,adaptive_retry_n5_t1min,greg,adaptive,retry,False,True,True,False,5,1,3,5,300.0,936.98,3.123266666666667,True,5,0,5,False,1790993428759,1790994365739,GREG,Windows 11,6144,8,False,5,922125,224387,2304291,601320,9,8,31527,9600,1350467,386041,127,56,10,10,0,0,0,0,10,0,393,True
adaptive_retry_n5_t5min__run_01,adaptive_retry_n5_t5min,greg,adaptive,retry,False,True,True,False,5,5,1,5,1500.0090650000002,4578.918,3.0525935521596326,True,5,0,5,False,1790994370741,1790998949659,GREG,Windows 11,6144,8,False,5,4563932,1032708,11106539,2786111,14,10,21484,5739,6520716,1878441,336,112,50,49,1,0,0,0,50,2,1860,True
adaptive_retry_n5_t5min__run_02,adaptive_retry_n5_t5min,greg,adaptive,retry,False,True,True,False,5,5,2,5,1500.0090650000002,4647.832,3.0985359411811286,True,5,0,5,False,1790998955658,1791003603490,GREG,Windows 11,6144,8,False,5,4633505,1075547,11319304,2936840,20,8,22144,5520,6661814,2096247,1139,971,50,49,1,0,0,0,50,2,1860,True
adaptive_retry_n5_t5min__run_03,adaptive_retry_n5_t5min,greg,adaptive,retry,False,True,True,False,5,5,3,5,1500.0090650000002,6011.886,4.007899778925669,True,5,0,5,False,1791003607286,1791009619172,GREG,Windows 11,6144,8,False,5,5987821,1743921,13069563,4188094,42,14,44856,13758,7036563,2595194,229,75,50,49,1,0,0,0,50,2,1860,True
naive_ckpt_n1_t10min__run_01,naive_ckpt_n1_t10min,greg,naive,ckpt,True,False,False,False,1,10,1,1,600.003625,1561.403,2.6023226109675583,True,1,0,1,False,1790387848720,1790389410123,GREG,Windows 11,6144,8,False,1,1550590,1550590,1554347,1554347,4,4,3497,3497,6,6,198,198,21,19,2,0,0,0,21,1,1048,True
naive_ckpt_n1_t10min__run_02,naive_ckpt_n1_t10min,greg,naive,ckpt,True,False,False,False,1,10,2,1,600.003625,1566.616,2.611010891809195,True,1,0,1,False,1790389413279,1790390979895,GREG,Windows 11,6144,8,False,1,1555653,1555653,1559305,1559305,4,4,3446,3446,5,5,157,157,21,19,2,0,0,0,21,1,1048,True
naive_ckpt_n1_t10min__run_03,naive_ckpt_n1_t10min,greg,naive,ckpt,True,False,False,False,1,10,3,1,600.003625,1544.967,2.5749294431346144,True,1,0,1,False,1790390982961,1790392527928,GREG,Windows 11,6144,8,False,1,1534104,1534104,1537739,1537739,4,4,3425,3425,4,4,154,154,21,19,2,0,0,0,21,1,1048,True
naive_ckpt_n1_t15min__run_01,naive_ckpt_n1_t15min,greg,naive,ckpt,True,False,False,False,1,15,1,1,900.005438,2171.873,2.413177641266652,True,1,0,1,False,1790392530912,1790394702785,GREG,Windows 11,6144,8,False,1,2160803,2160803,2164514,2164514,4,4,3473,3473,7,7,175,175,30,29,1,0,0,0,30,1,1351,True
naive_ckpt_n1_t15min__run_02,naive_ckpt_n1_t15min,greg,naive,ckpt,True,False,False,False,1,15,2,1,900.005438,2136.39,2.373752323927625,True,1,0,1,False,1790394705791,1790396842181,GREG,Windows 11,6144,8,False,1,2125070,2125070,2128851,2128851,3,3,3505,3505,7,7,219,219,30,29,1,0,0,0,30,1,1351,True
naive_ckpt_n1_t15min__run_03,naive_ckpt_n1_t15min,greg,naive,ckpt,True,False,False,False,1,15,3,1,900.005438,2447.266,2.7191680146270407,True,1,0,1,False,1790396845112,1790399292378,GREG,Windows 11,6144,8,False,1,2436532,2436532,2440111,2440111,3,3,3424,3424,3,3,120,120,30,29,1,0,0,0,30,1,1351,True
naive_ckpt_n1_t1min__run_01,naive_ckpt_n1_t1min,greg,naive,ckpt,True,False,False,False,1,1,1,1,60.0,175.863,2.93105,True,1,0,1,False,1790384851648,1790385027511,GREG,Windows 11,6144,8,False,1,165953,165953,169207,169207,4,4,3208,3208,3,3,27,27,2,2,0,0,0,0,2,0,125,True
naive_ckpt_n1_t1min__run_02,naive_ckpt_n1_t1min,greg,naive,ckpt,True,False,False,False,1,1,2,1,60.0,174.181,2.903016666666667,True,1,0,1,False,1790385029647,1790385203828,GREG,Windows 11,6144,8,False,1,163462,163462,166942,166942,5,5,3422,3422,15,15,31,31,2,2,0,0,0,0,2,0,125,True
naive_ckpt_n1_t1min__run_03,naive_ckpt_n1_t1min,greg,naive,ckpt,True,False,False,False,1,1,3,1,60.0,175.909,2.9318166666666667,True,1,0,1,False,1790385206060,1790385381969,GREG,Windows 11,6144,8,False,1,165589,165589,168918,168918,3,3,3297,3297,7,7,18,18,2,2,0,0,0,0,2,0,125,True
naive_ckpt_n1_t1min__run_shalom_01,naive_ckpt_n1_t1min,shalom,naive,ckpt,True,False,False,False,1,1,1,1,60.0,357.831,5.96385,True,1,0,1,False,1790486182219,1790486540050,DESKTOP-62NFFLU,Windows 10,4096,4,False,1,352878,352878,353138,353138,2,2,237,237,5,5,13,13,2,2,0,0,0,0,2,0,125,True
naive_ckpt_n1_t1min__run_shalom_02,naive_ckpt_n1_t1min,shalom,naive,ckpt,True,False,False,False,1,1,2,1,60.0,357.613,5.960216666666667,True,1,0,1,False,1790486542299,1790486899912,DESKTOP-62NFFLU,Windows 10,4096,4,False,1,352779,352779,353034,353034,2,2,233,233,4,4,14,14,2,2,0,0,0,0,2,0,125,True
naive_ckpt_n1_t1min__run_shalom_03,naive_ckpt_n1_t1min,shalom,naive,ckpt,True,False,False,False,1,1,3,1,60.0,361.068,6.017799999999999,True,1,0,1,False,1790486902229,1790487263297,DESKTOP-62NFFLU,Windows 10,4096,4,False,1,356070,356070,356333,356333,3,3,232,232,5,5,20,20,2,2,0,0,0,0,2,0,125,True
naive_ckpt_n1_t5min__run_01,naive_ckpt_n1_t5min,greg,naive,ckpt,True,False,False,False,1,5,1,1,300.001813,824.772,2.7492233855266734,True,1,0,1,False,1790385384203,1790386208975,GREG,Windows 11,6144,8,False,1,813145,813145,816789,816789,2,2,3493,3493,7,7,104,104,10,10,0,0,0,0,10,0,663,True
naive_ckpt_n1_t5min__run_02,naive_ckpt_n1_t5min,greg,naive,ckpt,True,False,False,False,1,5,2,1,300.001813,815.43,2.7180835737149356,True,1,0,1,False,1790386211738,1790387027168,GREG,Windows 11,6144,8,False,1,804198,804198,807711,807711,3,3,3363,3363,5,5,107,107,10,10,0,0,0,0,10,0,663,True
naive_ckpt_n1_t5min__run_03,naive_ckpt_n1_t5min,greg,naive,ckpt,True,False,False,False,1,5,3,1,300.001813,815.902,2.719656897540149,True,1,0,1,False,1790387030032,1790387845934,GREG,Windows 11,6144,8,False,1,804973,804973,808446,808446,2,2,3306,3306,3,3,126,126,10,10,0,0,0,0,10,0,663,True
naive_ckpt_n5_t10min__run_01,naive_ckpt_n5_t10min,greg,naive,ckpt,True,False,False,False,5,10,1,5,3000.0181250000005,7519.965,2.506639855717538,True,5,0,5,False,1790789136995,1790796656960,GREG,Windows 11,6144,8,False,5,7506534,1638606,13379836,3134890,27,13,22384,5490,5850387,1501816,405,164,105,99,6,0,0,0,105,3,3733,True
naive_ckpt_n5_t10min__run_02,naive_ckpt_n5_t10min,greg,naive,ckpt,True,False,False,False,5,10,2,5,3000.0181250000005,10561.855,3.52059706305941,True,5,0,5,False,1790796661068,1790807222923,GREG,Windows 11,6144,8,False,5,10544726,2731784,18360162,5141717,24,11,24887,6577,7790071,2405507,380,130,105,99,6,0,0,0,105,3,3733,True
naive_ckpt_n5_t10min__run_03,naive_ckpt_n5_t10min,greg,naive,ckpt,True,False,False,False,5,10,3,5,3000.0181250000005,9687.481,3.2291408239408548,True,5,0,5,False,1791099818907,1791109506388,GREG,Windows 11,6144,8,False,5,9645166,2968494,17575951,4583208,19,11,51510,18977,7878868,2957491,312,120,105,99,6,0,0,0,105,3,3733,True
naive_ckpt_n5_t1min__run_01,naive_ckpt_n5_t1min,greg,naive,ckpt,True,False,False,False,5,1,1,5,300.0,1802.317,6.007723333333334,True,5,0,5,False,1790749226731,1790751029048,GREG,Windows 11,6144,8,False,5,1761202,406112,4406429,1141553,11,6,78976,26090,2566105,802691,112,35,10,10,0,0,0,0,10,0,393,True
naive_ckpt_n5_t1min__run_02,naive_ckpt_n5_t1min,greg,naive,ckpt,True,False,False,False,5,1,2,5,300.0,1557.833,5.192776666666667,True,5,0,5,False,1790751035490,1790752593323,GREG,Windows 11,6144,8,False,5,1514610,408772,4081129,1140121,14,5,84612,25840,2481739,705470,106,39,10,10,0,0,0,0,10,0,393,True
naive_ckpt_n5_t1min__run_03,naive_ckpt_n5_t1min,greg,naive,ckpt,True,False,False,False,5,1,3,5,300.0,1772.114,5.907046666666667,True,5,0,5,False,1790752596927,1790754369041,GREG,Windows 11,6144,8,False,5,1744939,407174,4346894,1158544,12,5,75448,24280,2526361,804561,112,36,10,10,0,0,0,0,10,0,393,True
naive_ckpt_n5_t5min__run_01,naive_ckpt_n5_t5min,greg,naive,ckpt,True,False,False,False,5,5,1,5,1500.0090650000002,3442.59,2.2950461302712193,True,5,0,5,False,1790778721601,1790782164191,GREG,Windows 11,6144,8,False,5,3430519,787066,8369656,2191467,12,5,24868,7955,4913964,1458259,239,96,50,49,1,0,0,0,50,2,1860,True
naive_ckpt_n5_t5min__run_02,naive_ckpt_n5_t5min,greg,naive,ckpt,True,False,False,False,5,5,2,5,1500.0090650000002,3466.602,2.3110540335301235,True,5,0,5,False,1790782168012,1790785634614,GREG,Windows 11,6144,8,False,5,3453201,791514,8423356,2155374,12,6,20335,4746,4949426,1517549,322,104,50,49,1,0,0,0,50,2,1860,True
naive_ckpt_n5_t5min__run_03,naive_ckpt_n5_t5min,greg,naive,ckpt,True,False,False,False,5,5,3,5,1500.0090650000002,3494.827,2.329870586482089,True,5,0,5,False,1790785638468,1790789133295,GREG,Windows 11,6144,8,False,5,3479374,781904,8515418,2156946,20,9,20153,4770,5015573,1494295,227,91,50,49,1,0,0,0,50,2,1860,True
naive_full_n1_t10min__run_01,naive_full_n1_t10min,greg,naive,full,True,True,False,False,1,10,1,1,600.003625,1886.403,3.1439860050845523,True,1,0,1,False,1790425856128,1790427742531,GREG,Windows 11,6144,8,False,1,1872111,1872111,1877702,1877702,2,2,5395,5395,3,3,151,151,21,19,2,0,0,0,21,1,1048,True
naive_full_n1_t10min__run_02,naive_full_n1_t10min,greg,naive,full,True,True,False,False,1,10,2,1,600.003625,1625.245,2.7087253014513033,True,1,0,1,False,1790427745524,1790429370769,GREG,Windows 11,6144,8,False,1,1611795,1611795,1617250,1617250,3,3,5265,5265,4,4,145,145,21,19,2,0,0,0,21,1,1048,True
naive_full_n1_t10min__run_03,naive_full_n1_t10min,greg,naive,full,True,True,False,False,1,10,3,1,600.003625,2662.542,4.437543189843227,True,1,0,1,False,1790429374018,1790432036560,GREG,Windows 11,6144,8,False,1,2647664,2647664,2653777,2653777,2,2,5707,5707,2,2,350,350,21,19,2,0,0,0,21,1,1048,True
naive_full_n1_t15min__run_01,naive_full_n1_t15min,greg,naive,full,True,True,False,False,1,15,1,1,900.005438,2197.626,2.441791912817309,True,1,0,1,False,1791148412995,1791150610621,GREG,Windows 11,6144,8,False,1,2181325,2181325,2193023,2193023,5,5,11490,11490,4,4,161,161,30,29,1,0,0,13,30,1,1351,True
naive_full_n1_t15min__run_02,naive_full_n1_t15min,greg,naive,full,True,True,False,False,1,15,2,1,900.005438,2864.174,3.1823963268097497,True,1,0,1,False,1790461787597,1790464651771,GREG,Windows 11,6144,8,False,1,2849726,2849726,2856253,2856253,0,0,6255,6255,6,6,218,218,30,29,1,0,0,0,30,1,1351,True
naive_full_n1_t15min__run_03,naive_full_n1_t15min,greg,naive,full,True,True,False,False,1,15,3,1,900.005438,2775.372,3.0837280340966116,True,1,0,1,False,1790464655333,1790467430705,GREG,Windows 11,6144,8,False,1,2762964,2762964,2767040,2767040,3,3,3744,3744,7,7,256,256,30,29,1,0,0,0,30,1,1351,True
naive_full_n1_t1min__run_01,naive_full_n1_t1min,greg,naive,full,True,True,False,False,1,1,1,1,60.0,185.501,3.0916833333333336,True,1,0,1,False,1790422693158,1790422878659,GREG,Windows 11,6144,8,False,1,173158,173158,177724,177724,3,3,4531,4531,4,4,23,23,2,2,0,0,0,0,2,0,125,True
naive_full_n1_t1min__run_02,naive_full_n1_t1min,greg,naive,full,True,True,False,False,1,1,2,1,60.0,185.314,3.0885666666666665,True,1,0,1,False,1790422880894,1790423066208,GREG,Windows 11,6144,8,False,1,173166,173166,177389,177389,3,3,4196,4196,5,5,15,15,2,2,0,0,0,0,2,0,125,True
naive_full_n1_t1min__run_03,naive_full_n1_t1min,greg,naive,full,True,True,False,False,1,1,3,1,60.0,184.601,3.0766833333333334,True,1,0,1,False,1790423068761,1790423253362,GREG,Windows 11,6144,8,False,1,172295,172295,176705,176705,3,3,4380,4380,5,5,18,18,2,2,0,0,0,0,2,0,125,True
naive_full_n1_t1min__run_shalom_01,naive_full_n1_t1min,shalom,naive,full,True,True,False,False,1,1,1,1,60.0,356.632,5.943866666666667,True,1,0,1,False,1790488344033,1790488700665,DESKTOP-62NFFLU,Windows 10,4096,4,False,1,351751,351751,352003,352003,2,2,229,229,4,4,15,15,2,2,0,0,0,0,2,0,125,True
naive_full_n1_t1min__run_shalom_02,naive_full_n1_t1min,shalom,naive,full,True,True,False,False,1,1,2,1,60.0,358.154,5.969233333333333,True,1,0,1,False,1790488703597,1790489061751,DESKTOP-62NFFLU,Windows 10,4096,4,False,1,353316,353316,353564,353564,2,2,223,223,4,4,15,15,2,2,0,0,0,0,2,0,125,True
naive_full_n1_t1min__run_shalom_03,naive_full_n1_t1min,shalom,naive,full,True,True,False,False,1,1,3,1,60.0,357.097,5.951616666666666,True,1,0,1,False,1790489064080,1790489421177,DESKTOP-62NFFLU,Windows 10,4096,4,False,1,352229,352229,352477,352477,2,2,225,225,5,5,14,14,2,2,0,0,0,0,2,0,125,True
naive_full_n1_t5min__run_01,naive_full_n1_t5min,greg,naive,full,True,True,False,False,1,5,1,1,300.001813,911.407,3.038004973656609,True,1,0,1,False,1790423255695,1790424167102,GREG,Windows 11,6144,8,False,1,899255,899255,903670,903670,2,2,4258,4258,6,6,116,116,10,10,0,0,0,0,10,0,663,True
naive_full_n1_t5min__run_02,naive_full_n1_t5min,greg,naive,full,True,True,False,False,1,5,2,1,300.001813,838.288,2.794276446589341,True,1,0,1,False,1790424169868,1790425008156,GREG,Windows 11,6144,8,False,1,826609,826609,830302,830302,2,2,3565,3565,4,4,96,96,10,10,0,0,0,0,10,0,663,True
naive_full_n1_t5min__run_03,naive_full_n1_t5min,greg,naive,full,True,True,False,False,1,5,3,1,300.001813,842.277,2.8075730329003044,True,1,0,1,False,1790425010967,1790425853244,GREG,Windows 11,6144,8,False,1,830493,830493,835343,835343,2,2,4749,4749,3,3,79,79,10,10,0,0,0,0,10,0,663,True
naive_full_n5_t10min__run_01,naive_full_n5_t10min,greg,naive,full,True,True,False,False,5,10,1,5,3000.0181250000005,6990.39,2.330115922216303,True,5,0,5,False,1790886803584,1790893793974,GREG,Windows 11,6144,8,False,5,6977467,1518706,12451214,2868238,22,9,17907,4391,5455279,1519106,448,203,105,99,6,0,0,0,105,3,3733,True
naive_full_n5_t10min__run_02,naive_full_n5_t10min,greg,naive,full,True,True,False,False,5,10,2,5,3000.0181250000005,7689.426,2.563126514443975,True,5,0,5,False,1790893797876,1790901487302,GREG,Windows 11,6144,8,False,5,7675635,2078971,13276248,3459832,26,10,18708,4926,5581455,1572548,365,146,105,99,6,0,0,0,105,3,3733,True
naive_full_n5_t10min__run_03,naive_full_n5_t10min,greg,naive,full,True,True,False,False,5,10,3,5,3000.0181250000005,8306.235,2.768728272266688,True,5,0,5,False,1791114193810,1791122500045,GREG,Windows 11,6144,8,False,5,8291197,1870304,14999885,3498463,18,8,25178,6298,6683107,1861648,322,131,105,99,6,0,0,0,105,3,3733,True
naive_full_n5_t1min__run_01,naive_full_n5_t1min,greg,naive,full,True,True,False,False,5,1,1,5,300.0,904.039,3.013463333333333,True,5,0,5,False,1790873555798,1790874459837,GREG,Windows 11,6144,8,False,5,881056,208148,2208379,591060,8,3,43905,11404,1283284,408843,109,34,10,10,0,0,0,0,10,0,393,True
naive_full_n5_t1min__run_02,naive_full_n5_t1min,greg,naive,full,True,True,False,False,5,1,2,5,300.0,919.371,3.06457,True,5,0,5,False,1790874463882,1790875383253,GREG,Windows 11,6144,8,False,5,892760,209984,2249667,584211,25,13,59210,18648,1297559,413656,84,33,10,10,0,0,0,0,10,0,393,True
naive_full_n5_t1min__run_03,naive_full_n5_t1min,greg,naive,full,True,True,False,False,5,1,3,5,300.0,892.104,2.9736800000000003,True,5,0,5,False,1790875387592,1790876279696,GREG,Windows 11,6144,8,False,5,873791,210140,2211902,574635,10,5,37971,9861,1300033,386582,82,38,10,10,0,0,0,0,10,0,393,True
naive_full_n5_t5min__run_01,naive_full_n5_t5min,greg,naive,full,True,True,False,False,5,5,1,5,1500.0090650000002,3515.482,2.343640503265892,True,5,0,5,False,1790876283258,1790879798740,GREG,Windows 11,6144,8,False,5,3503181,799150,8556595,2237116,10,5,21069,4763,5031987,1494885,276,111,50,49,1,0,0,0,50,2,1860,True
naive_full_n5_t5min__run_02,naive_full_n5_t5min,greg,naive,full,True,True,False,False,5,5,2,5,1500.0090650000002,3491.243,2.327481267588206,True,5,0,5,False,1790879802707,1790883293950,GREG,Windows 11,6144,8,False,5,3474131,798268,8494658,2213780,12,6,42199,11877,4978009,1518167,253,108,50,49,1,0,0,0,50,2,1860,True
naive_full_n5_t5min__run_03,naive_full_n5_t5min,greg,naive,full,True,True,False,False,5,5,3,5,1500.0090650000002,3501.954,2.3346218911017047,True,5,0,5,False,1790883297790,1790886799744,GREG,Windows 11,6144,8,False,5,3489079,802479,8485463,2222080,12,4,20057,4347,4976021,1483155,238,77,50,49,1,0,0,0,50,2,1860,True
naive_none_n1_t10min__run_01,naive_none_n1_t10min,greg,naive,none,False,False,False,False,1,10,1,1,600.003625,1964.463,3.2740852190684677,True,1,0,1,False,1790258518981,1790260483444,GREG,Windows 11,6144,8,False,1,1949598,1949598,1953203,1953203,4,4,3409,3409,3,3,147,147,21,19,2,0,0,0,21,1,1048,True
naive_none_n1_t10min__run_02,naive_none_n1_t10min,greg,naive,none,False,False,False,False,1,10,2,1,600.003625,1873.434,3.1223711356743884,True,1,0,1,False,1790260486533,1790262359967,GREG,Windows 11,6144,8,False,1,1864362,1864362,1866873,1866873,2,2,2312,2312,5,5,163,163,21,19,2,0,0,0,21,1,1048,True
naive_none_n1_t10min__run_03,naive_none_n1_t10min,greg,naive,none,False,False,False,False,1,10,3,1,600.003625,1740.107,2.90016081152843,True,1,0,1,False,1790378436142,1790380176249,GREG,Windows 11,6144,8,False,1,1729580,1729580,1733072,1733072,4,4,3372,3372,4,4,91,91,21,19,2,0,0,0,21,1,1048,True
naive_none_n1_t15min__run_01,naive_none_n1_t15min,greg,naive,none,False,False,False,False,1,15,1,1,900.005438,2782.345,3.091475765060877,True,1,0,1,False,1790374958782,1790377741127,GREG,Windows 11,6144,8,False,1,2767280,2767280,2771868,2771868,2,2,4338,4338,3,3,195,195,30,29,1,0,0,0,30,1,1351,True
naive_none_n1_t15min__run_02,naive_none_n1_t15min,greg,naive,none,False,False,False,False,1,15,2,1,900.005438,2249.3,2.499207121457415,True,1,0,1,False,1790380179159,1790382428459,GREG,Windows 11,6144,8,False,1,2235799,2235799,2242545,2242545,2,2,6526,6526,3,3,175,175,30,29,1,0,0,0,30,1,1351,True
naive_none_n1_t15min__run_03,naive_none_n1_t15min,greg,naive,none,False,False,False,False,1,15,3,1,900.005438,2251.255,2.501379330554667,True,1,0,1,False,1790382431331,1790384682586,GREG,Windows 11,6144,8,False,1,2239329,2239329,2243131,2243131,2,2,3594,3594,5,5,157,157,30,29,1,0,0,0,30,1,1351,True
naive_none_n1_t1min__run_01,naive_none_n1_t1min,greg,naive,none,False,False,False,False,1,1,1,1,60.0,203.853,3.3975500000000003,True,1,0,1,False,1790254108984,1790254312837,GREG,Windows 11,6144,8,False,1,195454,195454,197981,197981,3,3,2460,2460,7,7,43,43,2,2,0,0,0,0,2,0,125,True
naive_none_n1_t1min__run_02,naive_none_n1_t1min,greg,naive,none,False,False,False,False,1,1,2,1,60.0,207.63,3.4605,True,1,0,1,False,1790254315281,1790254522911,GREG,Windows 11,6144,8,False,1,198715,198715,201185,201185,2,2,2423,2423,3,3,31,31,2,2,0,0,0,0,2,0,125,True
naive_none_n1_t1min__run_03,naive_none_n1_t1min,greg,naive,none,False,False,False,False,1,1,3,1,60.0,194.022,3.2337,True,1,0,1,False,1790254525356,1790254719378,GREG,Windows 11,6144,8,False,1,184958,184958,187760,187760,2,2,2778,2778,7,7,12,12,2,2,0,0,0,0,2,0,125,True
naive_none_n1_t1min__run_shalom_01,naive_none_n1_t1min,shalom,naive,none,False,False,False,False,1,1,1,1,60.0,460.164,7.6693999999999996,True,1,0,1,False,1790479729125,1790480189289,DESKTOP-62NFFLU,Windows 10,4096,4,False,1,453685,453685,454088,454088,4,4,334,334,11,11,46,46,2,2,0,0,0,0,2,0,125,True
naive_none_n1_t1min__run_shalom_02,naive_none_n1_t1min,shalom,naive,none,False,False,False,False,1,1,2,1,60.0,357.754,5.962566666666667,True,1,0,1,False,1790480192032,1790480549786,DESKTOP-62NFFLU,Windows 10,4096,4,False,1,352492,352492,352739,352739,2,2,224,224,4,4,14,14,2,2,0,0,0,0,2,0,125,True
naive_none_n1_t1min__run_shalom_03,naive_none_n1_t1min,shalom,naive,none,False,False,False,False,1,1,3,1,60.0,357.861,5.96435,True,1,0,1,False,1790480551994,1790480909855,DESKTOP-62NFFLU,Windows 10,4096,4,False,1,353022,353022,353277,353277,2,2,233,233,5,5,13,13,2,2,0,0,0,0,2,0,125,True
naive_none_n1_t5min__run_01,naive_none_n1_t5min,greg,naive,none,False,False,False,False,1,5,1,1,300.001813,1211.496,4.0382955952336195,True,1,0,1,False,1790254721646,1790255933142,GREG,Windows 11,6144,8,False,1,1202841,1202841,1205389,1205389,2,2,2397,2397,5,5,111,111,10,10,0,0,0,0,10,0,663,True
naive_none_n1_t5min__run_02,naive_none_n1_t5min,greg,naive,none,False,False,False,False,1,5,2,1,300.001813,1301.282,4.337580453222127,True,1,0,1,False,1790255936041,1790257237323,GREG,Windows 11,6144,8,False,1,1288485,1288485,1293249,1293249,4,4,4626,4626,5,5,101,101,10,10,0,0,0,0,10,0,663,True
naive_none_n1_t5min__run_03,naive_none_n1_t5min,greg,naive,none,False,False,False,False,1,5,3,1,300.001813,1275.408,4.251334307769666,True,1,0,1,False,1790257240456,1790258515864,GREG,Windows 11,6144,8,False,1,1260917,1260917,1266028,1266028,3,3,4939,4939,7,7,122,122,10,10,0,0,0,0,10,0,663,True
naive_none_n1_t5min__run_shalom_01,naive_none_n1_t5min,shalom,naive,none,False,False,False,False,1,5,1,1,300.001813,1758.621,5.862034573771059,True,1,0,1,False,1790480912081,1790482670702,DESKTOP-62NFFLU,Windows 10,4096,4,False,1,1753531,1753531,1753880,1753880,2,2,288,288,4,4,49,49,10,10,0,0,0,0,10,0,663,True
naive_none_n1_t5min__run_shalom_02,naive_none_n1_t5min,shalom,naive,none,False,False,False,False,1,5,2,1,300.001813,1748.034,5.8267447870390034,True,1,0,1,False,1790482673576,1790484421610,DESKTOP-62NFFLU,Windows 10,4096,4,False,1,1742851,1742851,1743203,1743203,3,3,302,302,5,5,38,38,10,10,0,0,0,0,10,0,663,True
naive_none_n1_t5min__run_shalom_03,naive_none_n1_t5min,shalom,naive,none,False,False,False,False,1,5,3,1,300.001813,1754.806,5.849317983954983,True,1,0,1,False,1790484424549,1790486179355,DESKTOP-62NFFLU,Windows 10,4096,4,False,1,1749562,1749562,1749924,1749924,2,2,304,304,4,4,46,46,10,10,0,0,0,0,10,0,663,True
naive_none_n5_t10min__run_01,naive_none_n5_t10min,greg,naive,none,False,False,False,False,5,10,1,5,3000.0181250000005,8415.459,2.805136052303017,True,5,0,5,False,1790762216243,1790770631702,GREG,Windows 11,6144,8,False,5,8396724,2087103,14720569,3684573,35,16,30489,8571,6292766,1720466,455,174,105,99,6,0,0,0,105,3,3733,True
naive_none_n5_t10min__run_02,naive_none_n5_t10min,greg,naive,none,False,False,False,False,5,10,2,5,3000.0181250000005,8078.404,2.692785064423569,True,5,0,5,False,1790770639129,1790778717533,GREG,Windows 11,6144,8,False,5,8058192,1934183,14608947,3597394,24,9,32635,9111,6517639,1934585,388,145,105,99,6,0,0,0,105,3,3733,True
naive_none_n5_t10min__run_03,naive_none_n5_t10min,greg,naive,none,False,False,False,False,5,10,3,5,3000.0181250000005,9414.675,3.138206040005174,True,5,0,5,False,1790739804732,1790749219407,GREG,Windows 11,6144,8,False,5,9391495,2948749,15842420,4473717,22,9,31780,10572,6418519,1785735,520,253,105,99,6,0,0,0,105,3,3733,True
naive_none_n5_t1min__run_01,naive_none_n5_t1min,greg,naive,none,False,False,False,False,5,1,1,5,300.0,1600.519,5.335063333333333,True,5,0,5,False,1790585240570,1790586841089,GREG,Windows 11,6144,8,False,5,1574343,471727,3769343,912785,24,12,58879,18799,2135792,686929,283,164,10,10,0,0,0,0,10,0,393,True
naive_none_n5_t1min__run_02,naive_none_n5_t1min,greg,naive,none,False,False,False,False,5,1,2,5,300.0,1887.338,6.291126666666667,True,5,0,5,False,1790587144345,1790589031683,GREG,Windows 11,6144,8,False,5,1862143,443417,4655233,1210544,43,15,64470,17090,2728416,877232,131,45,10,10,0,0,0,0,10,0,393,True
naive_none_n5_t1min__run_03,naive_none_n5_t1min,greg,naive,none,False,False,False,False,5,1,3,5,300.0,757.224,2.52408,True,5,0,5,False,1790757638313,1790758395537,GREG,Windows 11,6144,8,False,5,747739,177774,1862440,482329,14,9,21096,4669,1093503,316362,70,36,10,10,0,0,0,0,10,0,393,True
naive_none_n5_t5min__run_01,naive_none_n5_t5min,greg,naive,none,False,False,False,False,5,5,1,5,1500.0090650000002,3813.697,2.5424493017980527,True,5,0,5,False,1790758398875,1790762212572,GREG,Windows 11,6144,8,False,5,3795492,854102,9246216,2317185,10,5,40078,11595,5410368,1555204,211,103,50,49,1,0,0,0,50,2,1860,True
naive_none_n5_t5min__run_02,naive_none_n5_t5min,greg,naive,none,False,False,False,False,5,5,2,5,1500.0090650000002,5709.166,3.8060876652102094,True,5,0,5,False,1790641328810,1790647037976,GREG,Windows 11,6144,8,False,5,5690023,1953929,14569840,3966159,21,12,45264,12700,8834072,3078040,378,185,50,49,1,0,0,0,50,2,1860,True
naive_none_n5_t5min__run_03,naive_none_n5_t5min,greg,naive,none,False,False,False,False,5,5,3,5,1500.0090650000002,4685.463,3.12362312290426,True,5,0,5,False,1790647041942,1790651727405,GREG,Windows 11,6144,8,False,5,4664035,1124035,11473244,3016412,22,13,51384,15645,6757449,2066622,291,103,50,49,1,0,0,0,50,2,1860,True
naive_retry_n1_t10min__run_01,naive_retry_n1_t10min,greg,naive,retry,False,True,False,False,1,10,1,1,600.003625,1809.53,3.015865112481612,True,1,0,1,False,1790402979231,1790404788761,GREG,Windows 11,6144,8,False,1,1795229,1795229,1800636,1800636,3,3,5268,5268,3,3,106,106,21,19,2,0,0,0,21,1,1048,True
naive_retry_n1_t10min__run_02,naive_retry_n1_t10min,greg,naive,retry,False,True,False,False,1,10,2,1,600.003625,1980.263,3.30041839330554,True,1,0,1,False,1790404791880,1790406772143,GREG,Windows 11,6144,8,False,1,1964575,1964575,1969947,1969947,3,3,5110,5110,3,3,211,211,21,19,2,0,0,0,21,1,1048,True
naive_retry_n1_t10min__run_03,naive_retry_n1_t10min,greg,naive,retry,False,True,False,False,1,10,3,1,600.003625,7605.392,12.67557675172379,True,1,0,1,False,1790406778517,1790414383909,GREG,Windows 11,6144,8,False,1,7576287,7576287,7586029,7586029,6,6,9502,9502,11,11,180,180,21,19,2,0,0,0,22,1,1048,True
naive_retry_n1_t15min__run_01,naive_retry_n1_t15min,greg,naive,retry,False,True,False,False,1,15,1,1,900.005438,2632.061,2.924494551776253,True,1,0,1,False,1790414387426,1790417019487,GREG,Windows 11,6144,8,False,1,2618624,2618624,2624279,2624279,2,2,5468,5468,3,3,147,147,30,29,1,0,0,0,30,1,1351,True
naive_retry_n1_t15min__run_02,naive_retry_n1_t15min,greg,naive,retry,False,True,False,False,1,15,2,1,900.005438,3104.262,3.4491591594138793,True,1,0,1,False,1790417022786,1790420127048,GREG,Windows 11,6144,8,False,1,3089946,3089946,3095092,3095092,5,5,4883,4883,7,7,191,191,30,29,1,0,0,0,30,1,1351,True
naive_retry_n1_t15min__run_03,naive_retry_n1_t15min,greg,naive,retry,False,True,False,False,1,15,3,1,900.005438,2336.949,2.5965943108001532,True,1,0,1,False,1790420129983,1790422466932,GREG,Windows 11,6144,8,False,1,2325353,2325353,2329541,2329541,3,3,3975,3975,6,6,171,171,30,29,1,0,0,0,30,1,1351,True
naive_retry_n1_t1min__run_01,naive_retry_n1_t1min,greg,naive,retry,False,True,False,False,1,1,1,1,60.0,177.378,2.9562999999999997,True,1,0,1,False,1790399518346,1790399695724,GREG,Windows 11,6144,8,False,1,165550,165550,169692,169692,2,2,4122,4122,3,3,12,12,2,2,0,0,0,0,2,0,125,True
naive_retry_n1_t1min__run_02,naive_retry_n1_t1min,greg,naive,retry,False,True,False,False,1,1,2,1,60.0,175.78,2.929666666666667,True,1,0,1,False,1790399698343,1790399874123,GREG,Windows 11,6144,8,False,1,163295,163295,167779,167779,3,3,4433,4433,14,14,27,27,2,2,0,0,0,0,2,0,125,True
naive_retry_n1_t1min__run_03,naive_retry_n1_t1min,greg,naive,retry,False,True,False,False,1,1,3,1,60.0,185.639,3.0939833333333335,True,1,0,1,False,1790399876515,1790400062154,GREG,Windows 11,6144,8,False,1,173388,173388,178017,178017,3,3,4576,4576,4,4,40,40,2,2,0,0,0,0,2,0,125,True
naive_retry_n1_t1min__run_shalom_01,naive_retry_n1_t1min,shalom,naive,retry,False,True,False,False,1,1,1,1,60.0,355.784,5.929733333333333,True,1,0,1,False,1790487265627,1790487621411,DESKTOP-62NFFLU,Windows 10,4096,4,False,1,350822,350822,351076,351076,3,3,232,232,4,4,13,13,2,2,0,0,0,0,2,0,125,True
naive_retry_n1_t1min__run_shalom_02,naive_retry_n1_t1min,shalom,naive,retry,False,True,False,False,1,1,2,1,60.0,357.041,5.950683333333333,True,1,0,1,False,1790487623606,1790487980647,DESKTOP-62NFFLU,Windows 10,4096,4,False,1,352209,352209,352463,352463,2,2,229,229,4,4,16,16,2,2,0,0,0,0,2,0,125,True
naive_retry_n1_t1min__run_shalom_03,naive_retry_n1_t1min,shalom,naive,retry,False,True,False,False,1,1,3,1,60.0,358.842,5.9807,True,1,0,1,False,1790487982963,1790488341805,DESKTOP-62NFFLU,Windows 10,4096,4,False,1,353969,353969,354220,354220,2,2,224,224,3,3,18,18,2,2,0,0,0,0,2,0,125,True
naive_retry_n1_t5min__run_01,naive_retry_n1_t5min,greg,naive,retry,False,True,False,False,1,5,1,1,300.001813,928.398,3.0946412980510885,True,1,0,1,False,1790400064685,1790400993083,GREG,Windows 11,6144,8,False,1,914164,914164,919573,919573,5,5,5265,5265,5,5,107,107,10,10,0,0,0,0,10,0,663,True
naive_retry_n1_t5min__run_02,naive_retry_n1_t5min,greg,naive,retry,False,True,False,False,1,5,2,1,300.001813,896.387,2.987938609557669,True,1,0,1,False,1790400995794,1790401892181,GREG,Windows 11,6144,8,False,1,885143,885143,889057,889057,2,2,3643,3643,4,4,182,182,10,10,0,0,0,0,10,0,663,True
naive_retry_n1_t5min__run_03,naive_retry_n1_t5min,greg,naive,retry,False,True,False,False,1,5,3,1,300.001813,1079.701,3.5989815834879635,True,1,0,1,False,1790401896603,1790402976304,GREG,Windows 11,6144,8,False,1,1064474,1064474,1069438,1069438,3,3,4797,4797,4,4,123,123,10,10,0,0,0,0,10,0,663,True
naive_retry_n5_t10min__run_01,naive_retry_n5_t10min,greg,naive,retry,False,True,False,False,5,10,1,5,3000.0181250000005,6989.44,2.329799257462819,True,5,0,5,False,1790844968962,1790851958402,GREG,Windows 11,6144,8,False,5,6969255,1510776,12441736,2868105,30,11,29763,9430,5442205,1504861,397,176,105,99,6,0,0,0,105,3,3733,True
naive_retry_n5_t10min__run_02,naive_retry_n5_t10min,greg,naive,retry,False,True,False,False,5,10,2,5,3000.0181250000005,9484.564,3.161502232590678,True,5,0,5,False,1790851962504,1790861447068,GREG,Windows 11,6144,8,False,5,9469340,2848473,17188012,4730461,26,12,30700,8164,7687260,2841210,414,200,105,99,6,0,0,0,105,3,3733,True
naive_retry_n5_t10min__run_03,naive_retry_n5_t10min,greg,naive,retry,False,True,False,False,5,10,3,5,3000.0181250000005,12099.435,4.033120633229506,True,5,0,5,False,1790861451575,1790873551010,GREG,Windows 11,6144,8,False,5,12076362,3194699,21563309,5791485,23,9,36976,11442,9449401,3185635,461,161,105,99,6,0,0,0,105,3,3733,True
naive_retry_n5_t1min__run_01,naive_retry_n5_t1min,greg,naive,retry,False,True,False,False,5,1,1,5,300.0,1538.318,5.127726666666667,True,5,0,5,False,1790828961557,1790830499875,GREG,Windows 11,6144,8,False,5,1493057,431559,3545922,902391,16,8,81757,26951,1970938,582667,130,50,10,10,0,0,0,0,10,0,393,True
naive_retry_n5_t1min__run_02,naive_retry_n5_t1min,greg,naive,retry,False,True,False,False,5,1,2,5,300.0,1315.922,4.386406666666667,True,5,0,5,False,1790830506547,1790831822469,GREG,Windows 11,6144,8,False,5,1268098,433986,3458836,1015294,18,8,79588,23153,2110993,755058,109,49,10,10,0,0,0,0,10,0,393,True
naive_retry_n5_t1min__run_03,naive_retry_n5_t1min,greg,naive,retry,False,True,False,False,5,1,3,5,300.0,780.269,2.600896666666667,True,5,0,5,False,1790831826039,1790832606308,GREG,Windows 11,6144,8,False,5,764695,175693,1889329,486702,9,3,21284,4703,1103294,323456,42,15,10,10,0,0,0,0,10,0,393,True
naive_retry_n5_t5min__run_01,naive_retry_n5_t5min,greg,naive,retry,False,True,False,False,5,5,1,5,1500.0090650000002,3986.71,2.657790604752112,True,5,0,5,False,1790832609694,1790836596404,GREG,Windows 11,6144,8,False,5,3970705,893173,9682543,2470544,13,5,34332,9305,5677198,1684241,238,105,50,49,1,0,0,0,50,2,1860,True
naive_retry_n5_t5min__run_02,naive_retry_n5_t5min,greg,naive,retry,False,True,False,False,5,5,2,5,1500.0090650000002,4112.862,2.741891429836125,True,5,0,5,False,1790836600195,1790840713057,GREG,Windows 11,6144,8,False,5,4095164,936677,9998924,2607195,14,6,34681,8408,5868785,1792682,226,80,50,49,1,0,0,0,50,2,1860,True
naive_retry_n5_t5min__run_03,naive_retry_n5_t5min,greg,naive,retry,False,True,False,False,5,5,3,5,1500.0090650000002,4247.682,2.8317708866646076,True,5,0,5,False,1790840717063,1790844964745,GREG,Windows 11,6144,8,False,5,4227784,954559,10315242,2584789,14,7,41259,11028,6045825,1747583,304,126,50,49,1,0,0,0,50,2,1860,True
