source,condition_id,concurrency_mode,ablation,batch_size,clip_duration_min,hostname,n_runs,n_success,completion_rate,rtf_mean,rtf_std,elapsed_mean_s,elapsed_std_s,seg_total,seg_failed,seg_resumed,hall_count,seg_fail_rate,hall_rate
greg,adaptive_ckpt_n1_t10min,adaptive,ckpt,1,10,GREG,3,3,1.0,2.8494944509710254,0.4992503441613538,1709.707,299.5520162793099,63,0,0,3,0.0,0.047619047619047616
greg,adaptive_ckpt_n1_t15min,adaptive,ckpt,1,15,GREG,3,3,1.0,3.6794192496127263,1.1899370635050124,3311.4973333333332,1070.9498280322628,90,0,0,3,0.0,0.03333333333333333
greg,adaptive_ckpt_n1_t1min,adaptive,ckpt,1,1,GREG,3,3,1.0,3.1583944444444447,0.31229146123334733,189.50366666666665,18.737487674000835,6,0,0,0,0.0,0.0
greg,adaptive_ckpt_n1_t5min,adaptive,ckpt,1,5,GREG,3,3,1.0,2.6526406358750902,0.00450160336409048,795.797,1.3504891706341033,30,0,0,0,0.0,0.0
greg,adaptive_ckpt_n5_t10min,adaptive,ckpt,5,10,GREG,3,3,1.0,2.808884140769427,0.06309812698456552,8426.703333333333,189.29552460724855,315,0,0,9,0.0,0.02857142857142857
greg,adaptive_ckpt_n5_t1min,adaptive,ckpt,5,1,GREG,3,3,1.0,2.994855555555555,0.6821169204463844,898.4566666666666,204.6350761339154,30,0,0,0,0.0,0.0
greg,adaptive_ckpt_n5_t5min,adaptive,ckpt,5,5,GREG,3,3,1.0,2.7522858114638566,0.1731006754606983,4128.453666666666,259.65258234867076,150,0,0,6,0.0,0.04
greg,adaptive_full_n1_t10min,adaptive,full,1,10,GREG,3,3,1.0,2.9582943491938622,0.17658404080837106,1774.9873333333335,105.95106460217055,63,0,0,3,0.0,0.047619047619047616
greg,adaptive_full_n1_t15min,adaptive,full,1,15,GREG,3,3,1.0,3.0065636855259386,0.4237638528173549,2705.923666666667,381.3897719634511,90,0,0,3,0.0,0.03333333333333333
greg,adaptive_full_n1_t1min,adaptive,full,1,1,GREG,3,3,1.0,4.7866888888888885,2.4558571440047685,287.20133333333337,147.35142864028612,6,0,0,0,0.0,0.0
greg,adaptive_full_n1_t5min,adaptive,full,1,5,GREG,3,3,1.0,4.706122670443105,2.0258986025114747,1411.8453333333334,607.7732537076089,30,0,0,0,0.0,0.0
greg,adaptive_full_n5_t10min,adaptive,full,5,10,GREG,3,3,1.0,2.634435861394448,0.08465945147701895,7903.355333333333,253.97988888361496,315,0,0,9,0.0,0.02857142857142857
greg,adaptive_full_n5_t1min,adaptive,full,5,1,GREG,3,3,1.0,2.379078888888889,0.015058319713453922,713.7236666666666,4.517495914036172,30,0,0,0,0.0,0.0
greg,adaptive_full_n5_t5min,adaptive,full,5,5,GREG,3,3,1.0,2.9402737865009723,0.878707337515842,4410.437333333333,1318.0689717557775,150,0,0,6,0.0,0.04
greg,adaptive_none_n1_t10min,adaptive,none,1,10,GREG,3,3,1.0,3.457890219691033,0.1673350247720759,2074.7466666666664,100.40162145271029,63,0,0,3,0.0,0.047619047619047616
greg,adaptive_none_n1_t15min,adaptive,none,1,15,GREG,3,3,1.0,2.86258344437544,0.06579627489320079,2576.3406666666665,59.217005204023515,90,0,0,3,0.0,0.03333333333333333
greg,adaptive_none_n1_t1min,adaptive,none,1,1,GREG,3,3,1.0,3.551638888888889,0.03438404561119278,213.09833333333336,2.0630427366715756,6,0,0,0,0.0,0.0
greg,adaptive_none_n1_t5min,adaptive,none,1,5,GREG,3,3,1.0,3.594841608507212,0.19508788327280513,1078.459,58.526718676173836,30,0,0,0,0.0,0.0
greg,adaptive_none_n5_t10min,adaptive,none,5,10,GREG,3,3,1.0,2.5680629290642476,0.20988264346630162,7704.235333333333,629.6517345218172,315,0,0,9,0.0,0.02857142857142857
greg,adaptive_none_n5_t1min,adaptive,none,5,1,GREG,3,3,1.0,2.8884811111111106,0.042951578981883946,866.5443333333333,12.885473694565254,30,0,0,0,0.0,0.0
greg,adaptive_none_n5_t5min,adaptive,none,5,5,GREG,3,3,1.0,2.779579868738993,0.855781165622887,4169.3949999999995,1283.6795060905965,150,0,0,6,0.0,0.04
greg,adaptive_retry_n1_t10min,adaptive,retry,1,10,GREG,3,3,1.0,3.285417928377793,0.7637507681909065,1971.2626666666665,458.2532295110787,63,0,0,3,0.0,0.047619047619047616
greg,adaptive_retry_n1_t15min,adaptive,retry,1,15,GREG,3,3,1.0,2.317393405201477,0.005955508411559385,2085.6666666666665,5.359989956458392,90,0,0,3,0.0,0.03333333333333333
greg,adaptive_retry_n1_t1min,adaptive,retry,1,1,GREG,3,3,1.0,2.7429666666666663,0.01585902301880913,164.578,0.9515413811285462,6,0,0,0,0.0,0.0
greg,adaptive_retry_n1_t5min,adaptive,retry,1,5,GREG,3,3,1.0,2.599490957076316,0.011951228959129338,779.852,3.5853903553169197,30,0,0,0,0.0,0.0
greg,adaptive_retry_n5_t10min,adaptive,retry,5,10,GREG,3,3,1.0,4.17945863799295,2.6165187788531195,12538.451666666666,7849.603760962226,315,0,0,9,0.0,0.02857142857142857
greg,adaptive_retry_n5_t1min,adaptive,retry,5,1,GREG,3,3,1.0,3.3398133333333333,0.3490765579990215,1001.944,104.72296739970645,30,0,0,0,0.0,0.0
greg,adaptive_retry_n5_t5min,adaptive,retry,5,5,GREG,3,3,1.0,3.3863430907554766,0.5387738052597526,5079.5453333333335,808.1655918741739,150,0,0,6,0.0,0.04
greg,naive_ckpt_n1_t10min,naive,ckpt,1,10,GREG,3,3,1.0,2.596087648637123,0.018831457751872883,1557.662,11.298942915157998,63,0,0,3,0.0,0.047619047619047616
greg,naive_ckpt_n1_t15min,naive,ckpt,1,15,GREG,3,3,1.0,2.5020326599404394,0.18907514538663692,2251.8430000000003,170.16865903861395,90,0,0,3,0.0,0.03333333333333333
greg,naive_ckpt_n1_t1min,naive,ckpt,1,1,GREG,3,3,1.0,2.921961111111111,0.016410847812527073,175.31766666666667,0.9846508687516136,6,0,0,0,0.0,0.0
greg,naive_ckpt_n1_t5min,naive,ckpt,1,5,GREG,3,3,1.0,2.7289879522605864,0.017542046817987336,818.7013333333334,5.2626458491269945,30,0,0,0,0.0,0.0
greg,naive_ckpt_n5_t10min,naive,ckpt,5,10,GREG,3,3,1.0,3.085459247572601,0.5220254793790068,9256.433666666666,1566.085899848834,315,0,0,9,0.0,0.02857142857142857
greg,naive_ckpt_n5_t1min,naive,ckpt,5,1,GREG,3,3,1.0,5.702515555555556,0.4443076062110991,1710.7546666666667,133.29228186332966,30,0,0,0,0.0,0.0
greg,naive_ckpt_n5_t5min,naive,ckpt,5,5,GREG,3,3,1.0,2.311990250094477,0.017431094735765085,3468.0063333333333,26.146800116521696,150,0,0,6,0.0,0.04
greg,naive_full_n1_t10min,naive,full,1,10,GREG,3,3,1.0,3.430084832126361,0.8992175637363861,2058.063333333333,539.5337979055003,63,0,0,3,0.0,0.047619047619047616
greg,naive_full_n1_t15min,naive,full,1,15,GREG,3,3,1.0,2.9026387579078903,0.4021426599717914,2612.3906666666667,361.93058082639715,90,0,0,3,0.0,0.03333333333333333
greg,naive_full_n1_t1min,naive,full,1,1,GREG,3,3,1.0,3.085644444444444,0.007915461896632305,185.13866666666664,0.47492771379793614,6,0,0,0,0.0,0.0
greg,naive_full_n1_t5min,naive,full,1,5,GREG,3,3,1.0,2.879951484382085,0.13703969828400211,863.9906666666667,41.112157938173674,30,0,0,0,0.0,0.0
greg,naive_full_n5_t10min,naive,full,5,10,GREG,3,3,1.0,2.5539902363089886,0.21944885984620693,7662.017,658.3505570492061,315,0,0,9,0.0,0.02857142857142857
greg,naive_full_n5_t1min,naive,full,5,1,GREG,3,3,1.0,3.017237777777778,0.0455624060838333,905.1713333333333,13.668721825150024,30,0,0,0,0.0,0.0
greg,naive_full_n5_t5min,naive,full,5,5,GREG,3,3,1.0,2.335247887318601,0.008097785368199564,3502.893,12.146751458723566,150,0,0,6,0.0,0.04
greg,naive_none_n1_t10min,naive,none,1,10,GREG,3,3,1.0,3.0988723887570955,0.18806650145242335,1859.3346666666666,112.84058261252169,63,0,0,3,0.0,0.047619047619047616
greg,naive_none_n1_t15min,naive,none,1,15,GREG,3,3,1.0,2.697354072357653,0.34132112609320175,2427.633333333333,307.1908695881655,90,0,0,3,0.0,0.03333333333333333
greg,naive_none_n1_t1min,naive,none,1,1,GREG,3,3,1.0,3.363916666666667,0.11708100116301277,201.835,7.024860069780758,6,0,0,0,0.0,0.0
greg,naive_none_n1_t5min,naive,none,1,5,GREG,3,3,1.0,4.209070118741804,0.15405373351833235,1262.7286666666666,46.21639935491858,30,0,0,0,0.0,0.0
greg,naive_none_n5_t10min,naive,none,5,10,GREG,3,3,1.0,2.87870905224392,0.23164563693764087,8636.179333333333,694.9411093900924,315,0,0,9,0.0,0.02857142857142857
greg,naive_none_n5_t1min,naive,none,5,1,GREG,3,3,1.0,4.716756666666667,1.958159211541402,1415.027,587.4477634624205,30,0,0,0,0.0,0.0
greg,naive_none_n5_t5min,naive,none,5,5,GREG,3,3,1.0,3.1573866966375075,0.632495424928251,4736.108666666667,948.7488709634035,150,0,0,6,0.0,0.04
greg,naive_retry_n1_t10min,naive,retry,1,10,GREG,3,3,1.0,6.330620085836981,5.496735300284435,3798.395,3298.0611058361246,63,0,0,3,0.0,0.047619047619047616
greg,naive_retry_n1_t15min,naive,retry,1,15,GREG,3,3,1.0,2.9900826739967616,0.43005006290575715,2691.090666666667,387.0473952274235,90,0,0,3,0.0,0.03333333333333333
greg,naive_retry_n1_t1min,naive,retry,1,1,GREG,3,3,1.0,2.993316666666667,0.08819108200064478,179.59900000000002,5.291464920038681,6,0,0,0,0.0,0.0
greg,naive_retry_n1_t5min,naive,retry,1,5,GREG,3,3,1.0,3.227187163698907,0.3263735342711506,968.1619999999999,97.9126519965628,30,0,0,0,0.0,0.0
greg,naive_retry_n5_t10min,naive,retry,5,10,GREG,3,3,1.0,3.1748073744276675,0.8517386320846363,9524.479666666666,2555.2313340166156,315,0,0,9,0.0,0.02857142857142857
greg,naive_retry_n5_t1min,naive,retry,5,1,GREG,3,3,1.0,4.038343333333334,1.2988758698325769,1211.503,389.662760949773,30,0,0,0,0.0,0.0
greg,naive_retry_n5_t5min,naive,retry,5,5,GREG,3,3,1.0,2.7438176404176153,0.08700613391589745,4115.751333333334,130.5099895844501,150,0,0,6,0.0,0.04
shalom,adaptive_ckpt_n1_t1min,adaptive,ckpt,1,1,DESKTOP-62NFFLU,3,3,1.0,6.1101,0.16985163215125287,366.606,10.191097929075148,6,0,0,0,0.0,0.0
shalom,adaptive_ckpt_n1_t5min,adaptive,ckpt,1,5,DESKTOP-62NFFLU,3,3,1.0,5.868467868225849,0.034560512743135756,1760.5510000000002,10.368216481150416,30,0,0,0,0.0,0.0
shalom,adaptive_full_n1_t1min,adaptive,full,1,1,DESKTOP-62NFFLU,3,3,1.0,5.955005555555555,0.013879334491463459,357.30033333333336,0.8327600694877763,6,0,0,0,0.0,0.0
shalom,adaptive_full_n1_t5min,adaptive,full,1,5,DESKTOP-62NFFLU,3,3,1.0,5.845570228826138,0.01818253670742556,1753.6816666666666,5.454793977166652,30,0,0,0,0.0,0.0
shalom,adaptive_none_n1_t1min,adaptive,none,1,1,DESKTOP-62NFFLU,3,3,1.0,5.952527777777778,0.011140047044252206,357.15166666666664,0.6684028226551193,6,0,0,0,0.0,0.0
shalom,adaptive_none_n1_t5min,adaptive,none,1,5,DESKTOP-62NFFLU,3,3,1.0,6.14518175150717,0.1601065100862893,1843.5656666666666,48.032243298989556,30,0,0,0,0.0,0.0
shalom,adaptive_retry_n1_t1min,adaptive,retry,1,1,DESKTOP-62NFFLU,3,3,1.0,5.946544444444445,0.00963542845344575,356.7926666666667,0.5781257072067502,6,0,0,0,0.0,0.0
shalom,adaptive_retry_n1_t5min,adaptive,retry,1,5,DESKTOP-62NFFLU,3,3,1.0,5.849853536274018,0.037377207049164626,1754.9666666666665,11.213229879625777,30,0,0,0,0.0,0.0
shalom,naive_ckpt_n1_t1min,naive,ckpt,1,1,DESKTOP-62NFFLU,3,3,1.0,5.980622222222222,0.03224811076866547,358.83733333333333,1.93488664611995,6,0,0,0,0.0,0.0
shalom,naive_full_n1_t1min,naive,full,1,1,DESKTOP-62NFFLU,3,3,1.0,5.9549055555555555,0.012999212939137483,357.2943333333333,0.7799527763482299,6,0,0,0,0.0,0.0
shalom,naive_none_n1_t1min,naive,none,1,1,DESKTOP-62NFFLU,3,3,1.0,6.532105555555556,0.9849262840906385,391.92633333333333,59.09557704543828,6,0,0,0,0.0,0.0
shalom,naive_none_n1_t5min,naive,none,1,5,DESKTOP-62NFFLU,3,3,1.0,5.8460324482550154,0.017872837506263943,1753.8203333333333,5.3618836553335685,30,0,0,0,0.0,0.0
shalom,naive_retry_n1_t1min,naive,retry,1,1,DESKTOP-62NFFLU,3,3,1.0,5.953705555555556,0.02561738956545278,357.2223333333333,1.537043373927125,6,0,0,0,0.0,0.0
