source,clip_duration_min,batch_size,concurrency_mode,n_runs,rtf_mean,rtf_std,rtf_median
greg,1,1,adaptive,12,3.5599222222222218,1.3232668284436282,3.308
greg,1,1,naive,12,3.091209722222222,0.18623537749640637,3.082625
greg,1,5,adaptive,12,2.900557222222222,0.4861901825331138,2.864745
greg,1,5,naive,12,4.368713333333333,1.4444024099847306,4.757066666666667
greg,5,1,adaptive,12,3.3882739679754312,1.2472940290230017,2.774131568331555
greg,5,1,naive,12,3.261299179770846,0.6240136761556649,3.0129717916071392
greg,5,5,adaptive,12,2.9646206393648247,0.6340894957331763,2.8243452648734486
greg,5,5,naive,12,2.6371106186170503,0.4525356580106809,2.4430449025319723
greg,10,1,adaptive,12,3.1377742370584287,0.4769478391049213,3.2122314261018
greg,10,1,naive,12,3.86391623883939,2.8205961103827333,3.069118124078
greg,10,5,adaptive,12,3.047710392305268,1.3149140473722045,2.710871121820305
greg,10,5,naive,12,2.9232414776382942,0.511980332341229,2.7869321622848524
greg,15,1,adaptive,12,2.966489946178896,0.740133415649623,2.792670348287384
greg,15,1,naive,12,2.773027041050686,0.3601833734695796,2.657881162713597
shalom,1,1,adaptive,12,5.991044444444444,0.1023935106680889,5.958916666666667
shalom,1,1,naive,12,6.105334722222222,0.4930250392384522,5.963208333333333
shalom,5,1,adaptive,12,5.927268346208294,0.1501352476707037,5.86423956044559
shalom,5,1,naive,3,5.8460324482550154,0.017872837506263943,5.849317983954983
