timestamp,systemMemoryPct,jvmMemoryPct,cpuUsagePct,admissionMemoryPct,targetConcurrencyBefore,targetConcurrencyAfter,activeWorkers,queueSize,reasonCode,reasonDescription,batchId
1791545825591,51.0,0.5,0.0,0.4,-1,-1,1,0,ADAPTIVE_DISABLED,Adaptive concurrency disabled for ablation study,1791542519199
1791545828708,51.7,0.5,61.0,0.4,-1,-1,1,0,ADAPTIVE_DISABLED,Adaptive concurrency disabled for ablation study,1791542519199
1791545833715,59.4,0.5,76.0,0.4,-1,-1,1,0,ADAPTIVE_DISABLED,Adaptive concurrency disabled for ablation study,1791542519199
1791545838708,74.6,0.6,75.0,0.4,-1,-1,1,0,ADAPTIVE_DISABLED,Adaptive concurrency disabled for ablation study,1791542519199
1791545843710,87.9,0.7,77.5,0.4,-1,-1,1,0,ADAPTIVE_DISABLED,Adaptive concurrency disabled for ablation study,1791542519199
1791545848708,83.8,0.7,96.0,0.4,-1,-1,1,0,ADAPTIVE_DISABLED,Adaptive concurrency disabled for ablation study,1791542519199
1791545853711,78.6,0.7,96.4,0.4,-1,-1,1,0,ADAPTIVE_DISABLED,Adaptive concurrency disabled for ablation study,1791542519199
1791545858708,72.9,0.7,97.5,0.4,-1,-1,1,0,ADAPTIVE_DISABLED,Adaptive concurrency disabled for ablation study,1791542519199
1791545863712,74.3,0.7,67.4,0.4,-1,-1,1,0,ADAPTIVE_DISABLED,Adaptive concurrency disabled for ablation study,1791542519199
1791545868706,75.3,0.7,83.3,0.4,-1,-1,1,0,ADAPTIVE_DISABLED,Adaptive concurrency disabled for ablation study,1791542519199
1791545873709,80.8,0.7,75.1,0.4,-1,-1,1,0,ADAPTIVE_DISABLED,Adaptive concurrency disabled for ablation study,1791542519199
1791545878709,86.2,0.7,93.9,0.4,-1,-1,1,0,ADAPTIVE_DISABLED,Adaptive concurrency disabled for ablation study,1791542519199
1791545883719,94.2,0.7,92.7,0.4,-1,-1,1,0,ADAPTIVE_DISABLED,Adaptive concurrency disabled for ablation study,1791542519199
1791545888707,91.4,0.7,80.9,0.4,-1,-1,1,0,ADAPTIVE_DISABLED,Adaptive concurrency disabled for ablation study,1791542519199
1791545893711,92.0,0.7,89.1,0.4,-1,-1,1,0,ADAPTIVE_DISABLED,Adaptive concurrency disabled for ablation study,1791542519199
1791545898710,89.4,0.7,99.2,0.4,-1,-1,1,0,ADAPTIVE_DISABLED,Adaptive concurrency disabled for ablation study,1791542519199
1791545903709,86.5,0.7,99.4,0.4,-1,-1,1,0,ADAPTIVE_DISABLED,Adaptive concurrency disabled for ablation study,1791542519199
1791545908708,81.0,0.7,99.7,0.4,-1,-1,1,0,ADAPTIVE_DISABLED,Adaptive concurrency disabled for ablation study,1791542519199
1791545913721,79.7,0.7,92.2,0.4,-1,-1,1,0,ADAPTIVE_DISABLED,Adaptive concurrency disabled for ablation study,1791542519199
1791545918708,79.4,0.7,76.8,0.4,-1,-1,1,0,ADAPTIVE_DISABLED,Adaptive concurrency disabled for ablation study,1791542519199
1791545923707,81.1,0.7,80.6,0.4,-1,-1,1,0,ADAPTIVE_DISABLED,Adaptive concurrency disabled for ablation study,1791542519199
1791545928710,83.6,0.7,94.4,0.4,-1,-1,1,0,ADAPTIVE_DISABLED,Adaptive concurrency disabled for ablation study,1791542519199
1791545933713,87.2,0.7,95.9,0.4,-1,-1,1,0,ADAPTIVE_DISABLED,Adaptive concurrency disabled for ablation study,1791542519199
1791545938707,93.5,0.7,97.6,0.4,-1,-1,1,0,ADAPTIVE_DISABLED,Adaptive concurrency disabled for ablation study,1791542519199
1791545943709,94.3,0.7,94.2,0.4,-1,-1,1,0,ADAPTIVE_DISABLED,Adaptive concurrency disabled for ablation study,1791542519199
1791545948708,95.1,0.7,98.9,0.4,-1,-1,1,0,ADAPTIVE_DISABLED,Adaptive concurrency disabled for ablation study,1791542519199
1791545953709,93.8,0.7,90.9,0.4,-1,-1,1,0,ADAPTIVE_DISABLED,Adaptive concurrency disabled for ablation study,1791542519199
1791545958706,95.2,0.7,92.3,0.4,-1,-1,1,0,ADAPTIVE_DISABLED,Adaptive concurrency disabled for ablation study,1791542519199
1791545963710,92.4,0.7,98.7,0.4,-1,-1,1,0,ADAPTIVE_DISABLED,Adaptive concurrency disabled for ablation study,1791542519199
1791545968707,93.4,0.7,94.1,0.4,-1,-1,1,0,ADAPTIVE_DISABLED,Adaptive concurrency disabled for ablation study,1791542519199
1791545973719,93.1,0.7,98.4,0.4,-1,-1,1,0,ADAPTIVE_DISABLED,Adaptive concurrency disabled for ablation study,1791542519199
1791545978709,88.1,0.7,80.3,0.4,-1,-1,1,0,ADAPTIVE_DISABLED,Adaptive concurrency disabled for ablation study,1791542519199
1791545983713,93.7,0.7,89.6,0.4,-1,-1,1,0,ADAPTIVE_DISABLED,Adaptive concurrency disabled for ablation study,1791542519199
1791545988706,88.0,0.7,90.4,0.4,-1,-1,1,0,ADAPTIVE_DISABLED,Adaptive concurrency disabled for ablation study,1791542519199
1791545993706,83.8,0.7,77.3,0.4,-1,-1,1,0,ADAPTIVE_DISABLED,Adaptive concurrency disabled for ablation study,1791542519199
1791545998707,85.8,0.7,70.3,0.4,-1,-1,1,0,ADAPTIVE_DISABLED,Adaptive concurrency disabled for ablation study,1791542519199
1791546003710,93.4,0.7,91.3,0.4,-1,-1,1,0,ADAPTIVE_DISABLED,Adaptive concurrency disabled for ablation study,1791542519199
1791546008707,93.7,0.7,96.1,0.4,-1,-1,1,0,ADAPTIVE_DISABLED,Adaptive concurrency disabled for ablation study,1791542519199
1791546013714,83.3,0.7,95.3,0.4,-1,-1,1,0,ADAPTIVE_DISABLED,Adaptive concurrency disabled for ablation study,1791542519199
1791546018707,72.7,0.7,90.5,0.4,-1,-1,1,0,ADAPTIVE_DISABLED,Adaptive concurrency disabled for ablation study,1791542519199
1791546023709,72.5,0.7,64.7,0.4,-1,-1,1,0,ADAPTIVE_DISABLED,Adaptive concurrency disabled for ablation study,1791542519199
1791546028707,72.8,0.7,91.0,0.4,-1,-1,1,0,ADAPTIVE_DISABLED,Adaptive concurrency disabled for ablation study,1791542519199
1791546033708,68.8,0.7,48.6,0.4,-1,-1,1,0,ADAPTIVE_DISABLED,Adaptive concurrency disabled for ablation study,1791542519199
1791546038707,78.2,0.7,55.4,0.4,-1,-1,1,0,ADAPTIVE_DISABLED,Adaptive concurrency disabled for ablation study,1791542519199
1791546043707,75.4,0.7,62.9,0.4,-1,-1,1,0,ADAPTIVE_DISABLED,Adaptive concurrency disabled for ablation study,1791542519199
1791546048706,75.6,0.7,64.5,0.4,-1,-1,1,0,ADAPTIVE_DISABLED,Adaptive concurrency disabled for ablation study,1791542519199
1791546053707,75.7,0.7,67.4,0.4,-1,-1,1,0,ADAPTIVE_DISABLED,Adaptive concurrency disabled for ablation study,1791542519199
1791546058709,75.7,0.7,54.9,0.4,-1,-1,1,0,ADAPTIVE_DISABLED,Adaptive concurrency disabled for ablation study,1791542519199
1791546063707,42.6,0.1,69.6,0.4,-1,-1,1,0,ADAPTIVE_DISABLED,Adaptive concurrency disabled for ablation study,1791542519199
1791546068707,44.1,0.2,74.2,0.4,-1,-1,1,0,ADAPTIVE_DISABLED,Adaptive concurrency disabled for ablation study,1791542519199
1791546073708,44.9,0.2,53.2,0.4,-1,-1,1,0,ADAPTIVE_DISABLED,Adaptive concurrency disabled for ablation study,1791542519199
1791546078707,45.4,0.2,64.5,0.4,-1,-1,1,0,ADAPTIVE_DISABLED,Adaptive concurrency disabled for ablation study,1791542519199
1791546083712,46.0,0.2,55.5,0.4,-1,-1,1,0,ADAPTIVE_DISABLED,Adaptive concurrency disabled for ablation study,1791542519199
1791546088706,46.4,0.2,25.6,0.4,-1,-1,1,0,ADAPTIVE_DISABLED,Adaptive concurrency disabled for ablation study,1791542519199
1791546093716,47.5,0.2,64.2,0.4,-1,-1,1,0,ADAPTIVE_DISABLED,Adaptive concurrency disabled for ablation study,1791542519199
1791546098708,49.2,0.2,75.1,0.4,-1,-1,1,0,ADAPTIVE_DISABLED,Adaptive concurrency disabled for ablation study,1791542519199
1791546103714,56.3,0.2,70.8,0.4,-1,-1,1,0,ADAPTIVE_DISABLED,Adaptive concurrency disabled for ablation study,1791542519199
1791546108707,70.7,0.2,67.1,0.4,-1,-1,1,0,ADAPTIVE_DISABLED,Adaptive concurrency disabled for ablation study,1791542519199
1791546113719,84.7,0.2,60.6,0.4,-1,-1,1,0,ADAPTIVE_DISABLED,Adaptive concurrency disabled for ablation study,1791542519199
1791546118706,79.1,0.2,93.9,0.4,-1,-1,1,0,ADAPTIVE_DISABLED,Adaptive concurrency disabled for ablation study,1791542519199
1791546123715,72.2,0.2,66.1,0.4,-1,-1,1,0,ADAPTIVE_DISABLED,Adaptive concurrency disabled for ablation study,1791542519199
1791546128707,77.8,0.2,87.2,0.4,-1,-1,1,0,ADAPTIVE_DISABLED,Adaptive concurrency disabled for ablation study,1791542519199
1791546133707,68.7,0.2,56.4,0.4,-1,-1,1,0,ADAPTIVE_DISABLED,Adaptive concurrency disabled for ablation study,1791542519199
1791546138707,69.0,0.2,62.1,0.4,-1,-1,1,0,ADAPTIVE_DISABLED,Adaptive concurrency disabled for ablation study,1791542519199
1791546143707,72.2,0.2,58.4,0.4,-1,-1,1,0,ADAPTIVE_DISABLED,Adaptive concurrency disabled for ablation study,1791542519199
1791546148706,75.1,0.2,74.2,0.4,-1,-1,1,0,ADAPTIVE_DISABLED,Adaptive concurrency disabled for ablation study,1791542519199
1791546153708,75.4,0.2,55.7,0.4,-1,-1,1,0,ADAPTIVE_DISABLED,Adaptive concurrency disabled for ablation study,1791542519199
1791546158706,79.4,0.2,79.1,0.4,-1,-1,1,0,ADAPTIVE_DISABLED,Adaptive concurrency disabled for ablation study,1791542519199
1791546163715,76.8,0.2,86.6,0.4,-1,-1,1,0,ADAPTIVE_DISABLED,Adaptive concurrency disabled for ablation study,1791542519199
1791546168708,76.0,0.2,76.4,0.4,-1,-1,1,0,ADAPTIVE_DISABLED,Adaptive concurrency disabled for ablation study,1791542519199
1791546173715,75.8,0.2,74.9,0.4,-1,-1,1,0,ADAPTIVE_DISABLED,Adaptive concurrency disabled for ablation study,1791542519199
1791546178707,79.0,0.2,80.6,0.4,-1,-1,1,0,ADAPTIVE_DISABLED,Adaptive concurrency disabled for ablation study,1791542519199
1791546183708,75.6,0.2,81.7,0.4,-1,-1,1,0,ADAPTIVE_DISABLED,Adaptive concurrency disabled for ablation study,1791542519199
1791546188707,75.9,0.2,67.4,0.4,-1,-1,1,0,ADAPTIVE_DISABLED,Adaptive concurrency disabled for ablation study,1791542519199
1791546193707,80.0,0.2,68.1,0.4,-1,-1,1,0,ADAPTIVE_DISABLED,Adaptive concurrency disabled for ablation study,1791542519199
1791546198707,77.4,0.2,76.5,0.4,-1,-1,1,0,ADAPTIVE_DISABLED,Adaptive concurrency disabled for ablation study,1791542519199
1791546203707,76.2,0.2,80.9,0.4,-1,-1,1,0,ADAPTIVE_DISABLED,Adaptive concurrency disabled for ablation study,1791542519199
1791546208708,76.0,0.2,87.1,0.4,-1,-1,1,0,ADAPTIVE_DISABLED,Adaptive concurrency disabled for ablation study,1791542519199
1791546213706,79.3,0.2,76.8,0.4,-1,-1,1,0,ADAPTIVE_DISABLED,Adaptive concurrency disabled for ablation study,1791542519199
1791546218707,76.1,0.2,46.1,0.4,-1,-1,1,0,ADAPTIVE_DISABLED,Adaptive concurrency disabled for ablation study,1791542519199
1791546223715,76.9,0.2,89.1,0.4,-1,-1,1,0,ADAPTIVE_DISABLED,Adaptive concurrency disabled for ablation study,1791542519199
1791546228708,80.8,0.2,75.2,0.4,-1,-1,1,0,ADAPTIVE_DISABLED,Adaptive concurrency disabled for ablation study,1791542519199
1791546233719,78.8,0.2,80.3,0.4,-1,-1,1,0,ADAPTIVE_DISABLED,Adaptive concurrency disabled for ablation study,1791542519199
1791546238707,77.2,0.2,84.6,0.4,-1,-1,1,0,ADAPTIVE_DISABLED,Adaptive concurrency disabled for ablation study,1791542519199
1791546243726,78.6,0.2,95.0,0.4,-1,-1,1,0,ADAPTIVE_DISABLED,Adaptive concurrency disabled for ablation study,1791542519199
1791546248707,84.5,0.2,95.6,0.4,-1,-1,1,0,ADAPTIVE_DISABLED,Adaptive concurrency disabled for ablation study,1791542519199
1791546253710,87.6,0.2,84.7,0.4,-1,-1,1,0,ADAPTIVE_DISABLED,Adaptive concurrency disabled for ablation study,1791542519199
1791546258707,83.2,0.2,90.3,0.4,-1,-1,1,0,ADAPTIVE_DISABLED,Adaptive concurrency disabled for ablation study,1791542519199
1791546263711,84.3,0.2,71.4,0.4,-1,-1,1,0,ADAPTIVE_DISABLED,Adaptive concurrency disabled for ablation study,1791542519199
1791546268707,80.1,0.2,49.7,0.4,-1,-1,1,0,ADAPTIVE_DISABLED,Adaptive concurrency disabled for ablation study,1791542519199
1791546273706,80.2,0.2,73.3,0.4,-1,-1,1,0,ADAPTIVE_DISABLED,Adaptive concurrency disabled for ablation study,1791542519199
1791546278709,80.2,0.2,63.3,0.4,-1,-1,1,0,ADAPTIVE_DISABLED,Adaptive concurrency disabled for ablation study,1791542519199
1791546283714,58.9,0.2,29.6,0.4,-1,-1,1,0,ADAPTIVE_DISABLED,Adaptive concurrency disabled for ablation study,1791542519199
1791546288706,45.0,0.2,64.8,0.4,-1,-1,1,0,ADAPTIVE_DISABLED,Adaptive concurrency disabled for ablation study,1791542519199
1791546293706,45.9,0.2,69.4,0.4,-1,-1,1,0,ADAPTIVE_DISABLED,Adaptive concurrency disabled for ablation study,1791542519199
1791546298707,46.4,0.2,62.4,0.4,-1,-1,1,0,ADAPTIVE_DISABLED,Adaptive concurrency disabled for ablation study,1791542519199
1791546303708,47.4,0.2,56.7,0.4,-1,-1,1,0,ADAPTIVE_DISABLED,Adaptive concurrency disabled for ablation study,1791542519199
1791546308707,47.5,0.2,74.9,0.4,-1,-1,1,0,ADAPTIVE_DISABLED,Adaptive concurrency disabled for ablation study,1791542519199
1791546313707,48.4,0.2,62.2,0.4,-1,-1,1,0,ADAPTIVE_DISABLED,Adaptive concurrency disabled for ablation study,1791542519199
1791546318707,49.3,0.2,61.3,0.4,-1,-1,1,0,ADAPTIVE_DISABLED,Adaptive concurrency disabled for ablation study,1791542519199
1791546323708,56.2,0.2,64.8,0.4,-1,-1,1,0,ADAPTIVE_DISABLED,Adaptive concurrency disabled for ablation study,1791542519199
1791546328707,73.5,0.2,69.2,0.4,-1,-1,1,0,ADAPTIVE_DISABLED,Adaptive concurrency disabled for ablation study,1791542519199
1791546333707,87.8,0.2,81.2,0.4,-1,-1,1,0,ADAPTIVE_DISABLED,Adaptive concurrency disabled for ablation study,1791542519199
1791546338707,78.2,0.2,91.3,0.4,-1,-1,1,0,ADAPTIVE_DISABLED,Adaptive concurrency disabled for ablation study,1791542519199
1791546343708,71.3,0.2,89.4,0.4,-1,-1,1,0,ADAPTIVE_DISABLED,Adaptive concurrency disabled for ablation study,1791542519199
1791546348708,84.9,0.2,75.2,0.4,-1,-1,1,0,ADAPTIVE_DISABLED,Adaptive concurrency disabled for ablation study,1791542519199
1791546353707,69.6,0.2,70.5,0.4,-1,-1,1,0,ADAPTIVE_DISABLED,Adaptive concurrency disabled for ablation study,1791542519199
1791546358707,73.5,0.2,62.5,0.4,-1,-1,1,0,ADAPTIVE_DISABLED,Adaptive concurrency disabled for ablation study,1791542519199
1791546363718,77.0,0.2,84.5,0.4,-1,-1,1,0,ADAPTIVE_DISABLED,Adaptive concurrency disabled for ablation study,1791542519199
1791546368708,75.5,0.2,59.5,0.4,-1,-1,1,0,ADAPTIVE_DISABLED,Adaptive concurrency disabled for ablation study,1791542519199
1791546373707,75.9,0.2,90.4,0.4,-1,-1,1,0,ADAPTIVE_DISABLED,Adaptive concurrency disabled for ablation study,1791542519199
1791546378706,75.6,0.2,82.0,0.4,-1,-1,1,0,ADAPTIVE_DISABLED,Adaptive concurrency disabled for ablation study,1791542519199
1791546383709,74.7,0.2,87.4,0.4,-1,-1,1,0,ADAPTIVE_DISABLED,Adaptive concurrency disabled for ablation study,1791542519199
1791546388707,76.7,0.2,55.8,0.4,-1,-1,1,0,ADAPTIVE_DISABLED,Adaptive concurrency disabled for ablation study,1791542519199
1791546393720,75.5,0.2,86.0,0.4,-1,-1,1,0,ADAPTIVE_DISABLED,Adaptive concurrency disabled for ablation study,1791542519199
1791546398707,75.7,0.2,94.7,0.4,-1,-1,1,0,ADAPTIVE_DISABLED,Adaptive concurrency disabled for ablation study,1791542519199
1791546403708,77.4,0.2,77.9,0.4,-1,-1,1,0,ADAPTIVE_DISABLED,Adaptive concurrency disabled for ablation study,1791542519199
1791546408707,75.9,0.2,85.6,0.4,-1,-1,1,0,ADAPTIVE_DISABLED,Adaptive concurrency disabled for ablation study,1791542519199
1791546413707,81.0,0.2,61.2,0.4,-1,-1,1,0,ADAPTIVE_DISABLED,Adaptive concurrency disabled for ablation study,1791542519199
1791546418707,80.4,0.2,59.7,0.4,-1,-1,1,0,ADAPTIVE_DISABLED,Adaptive concurrency disabled for ablation study,1791542519199
1791546423709,81.1,0.2,71.2,0.4,-1,-1,1,0,ADAPTIVE_DISABLED,Adaptive concurrency disabled for ablation study,1791542519199
1791546428719,80.1,0.2,62.7,0.4,-1,-1,1,0,ADAPTIVE_DISABLED,Adaptive concurrency disabled for ablation study,1791542519199
1791546433708,80.3,0.2,50.2,0.4,-1,-1,1,0,ADAPTIVE_DISABLED,Adaptive concurrency disabled for ablation study,1791542519199
1791546438707,43.8,0.2,65.3,0.4,-1,-1,1,0,ADAPTIVE_DISABLED,Adaptive concurrency disabled for ablation study,1791542519199
1791546443707,45.2,0.2,62.0,0.4,-1,-1,1,0,ADAPTIVE_DISABLED,Adaptive concurrency disabled for ablation study,1791542519199
1791546448706,46.0,0.2,62.7,0.4,-1,-1,1,0,ADAPTIVE_DISABLED,Adaptive concurrency disabled for ablation study,1791542519199
1791546453707,46.2,0.2,67.4,0.4,-1,-1,1,0,ADAPTIVE_DISABLED,Adaptive concurrency disabled for ablation study,1791542519199
1791546458708,47.2,0.2,48.6,0.4,-1,-1,1,0,ADAPTIVE_DISABLED,Adaptive concurrency disabled for ablation study,1791542519199
1791546463708,47.8,0.2,69.4,0.4,-1,-1,1,0,ADAPTIVE_DISABLED,Adaptive concurrency disabled for ablation study,1791542519199
1791546468707,48.4,0.2,64.8,0.4,-1,-1,1,0,ADAPTIVE_DISABLED,Adaptive concurrency disabled for ablation study,1791542519199
1791546473709,49.5,0.2,60.1,0.4,-1,-1,1,0,ADAPTIVE_DISABLED,Adaptive concurrency disabled for ablation study,1791542519199
1791546478707,65.8,0.2,27.0,0.4,-1,-1,1,0,ADAPTIVE_DISABLED,Adaptive concurrency disabled for ablation study,1791542519199
1791546483707,82.9,0.2,71.9,0.4,-1,-1,1,0,ADAPTIVE_DISABLED,Adaptive concurrency disabled for ablation study,1791542519199
1791546488718,79.0,0.2,87.0,0.4,-1,-1,1,0,ADAPTIVE_DISABLED,Adaptive concurrency disabled for ablation study,1791542519199
1791546493711,74.1,0.2,99.7,0.4,-1,-1,1,0,ADAPTIVE_DISABLED,Adaptive concurrency disabled for ablation study,1791542519199
1791546498708,71.7,0.2,91.6,0.4,-1,-1,1,0,ADAPTIVE_DISABLED,Adaptive concurrency disabled for ablation study,1791542519199
1791546503708,70.3,0.2,68.6,0.4,-1,-1,1,0,ADAPTIVE_DISABLED,Adaptive concurrency disabled for ablation study,1791542519199
1791546508707,70.7,0.2,70.9,0.4,-1,-1,1,0,ADAPTIVE_DISABLED,Adaptive concurrency disabled for ablation study,1791542519199
1791546513710,75.4,0.2,71.1,0.4,-1,-1,1,0,ADAPTIVE_DISABLED,Adaptive concurrency disabled for ablation study,1791542519199
1791546518707,76.0,0.2,81.7,0.4,-1,-1,1,0,ADAPTIVE_DISABLED,Adaptive concurrency disabled for ablation study,1791542519199
1791546523722,77.6,0.2,95.6,0.4,-1,-1,1,0,ADAPTIVE_DISABLED,Adaptive concurrency disabled for ablation study,1791542519199
1791546528707,76.3,0.2,83.8,0.4,-1,-1,1,0,ADAPTIVE_DISABLED,Adaptive concurrency disabled for ablation study,1791542519199
1791546533709,76.2,0.2,86.1,0.4,-1,-1,1,0,ADAPTIVE_DISABLED,Adaptive concurrency disabled for ablation study,1791542519199
1791546538710,77.9,0.2,88.6,0.4,-1,-1,1,0,ADAPTIVE_DISABLED,Adaptive concurrency disabled for ablation study,1791542519199
1791546543708,76.6,0.2,63.3,0.4,-1,-1,1,0,ADAPTIVE_DISABLED,Adaptive concurrency disabled for ablation study,1791542519199
1791546548707,77.5,0.2,86.0,0.4,-1,-1,1,0,ADAPTIVE_DISABLED,Adaptive concurrency disabled for ablation study,1791542519199
1791546553707,77.6,0.2,92.4,0.4,-1,-1,1,0,ADAPTIVE_DISABLED,Adaptive concurrency disabled for ablation study,1791542519199
1791546558707,76.8,0.2,86.1,0.4,-1,-1,1,0,ADAPTIVE_DISABLED,Adaptive concurrency disabled for ablation study,1791542519199
1791546563714,76.7,0.2,91.3,0.4,-1,-1,1,0,ADAPTIVE_DISABLED,Adaptive concurrency disabled for ablation study,1791542519199
1791546568708,82.4,0.2,94.2,0.4,-1,-1,1,0,ADAPTIVE_DISABLED,Adaptive concurrency disabled for ablation study,1791542519199
1791546573709,80.6,0.2,63.3,0.4,-1,-1,1,0,ADAPTIVE_DISABLED,Adaptive concurrency disabled for ablation study,1791542519199
1791546578706,64.4,0.2,43.4,0.4,-1,-1,1,0,ADAPTIVE_DISABLED,Adaptive concurrency disabled for ablation study,1791542519199
1791546583709,46.8,0.3,69.9,0.4,-1,-1,1,0,ADAPTIVE_DISABLED,Adaptive concurrency disabled for ablation study,1791542519199
1791546588707,47.7,0.3,61.8,0.4,-1,-1,1,0,ADAPTIVE_DISABLED,Adaptive concurrency disabled for ablation study,1791542519199
1791546593709,48.4,0.3,61.4,0.4,-1,-1,1,0,ADAPTIVE_DISABLED,Adaptive concurrency disabled for ablation study,1791542519199
1791546598707,49.0,0.3,57.5,0.4,-1,-1,1,0,ADAPTIVE_DISABLED,Adaptive concurrency disabled for ablation study,1791542519199
1791546603713,49.3,0.3,64.9,0.4,-1,-1,1,0,ADAPTIVE_DISABLED,Adaptive concurrency disabled for ablation study,1791542519199
1791546608707,50.2,0.3,20.4,0.4,-1,-1,1,0,ADAPTIVE_DISABLED,Adaptive concurrency disabled for ablation study,1791542519199
1791546613707,51.0,0.3,67.7,0.4,-1,-1,1,0,ADAPTIVE_DISABLED,Adaptive concurrency disabled for ablation study,1791542519199
1791546618708,59.8,0.3,62.1,0.4,-1,-1,1,0,ADAPTIVE_DISABLED,Adaptive concurrency disabled for ablation study,1791542519199
1791546623709,76.2,0.3,72.7,0.4,-1,-1,1,0,ADAPTIVE_DISABLED,Adaptive concurrency disabled for ablation study,1791542519199
1791546628718,85.1,0.3,80.8,0.4,-1,-1,1,0,ADAPTIVE_DISABLED,Adaptive concurrency disabled for ablation study,1791542519199
1791546633717,78.7,0.3,79.7,0.4,-1,-1,1,0,ADAPTIVE_DISABLED,Adaptive concurrency disabled for ablation study,1791542519199
1791546638707,72.5,0.3,92.8,0.4,-1,-1,1,0,ADAPTIVE_DISABLED,Adaptive concurrency disabled for ablation study,1791542519199
1791546643715,70.3,0.3,93.7,0.4,-1,-1,1,0,ADAPTIVE_DISABLED,Adaptive concurrency disabled for ablation study,1791542519199
1791546648707,70.9,0.3,48.4,0.4,-1,-1,1,0,ADAPTIVE_DISABLED,Adaptive concurrency disabled for ablation study,1791542519199
1791546653715,75.0,0.3,71.9,0.4,-1,-1,1,0,ADAPTIVE_DISABLED,Adaptive concurrency disabled for ablation study,1791542519199
1791546658706,76.4,0.3,84.8,0.4,-1,-1,1,0,ADAPTIVE_DISABLED,Adaptive concurrency disabled for ablation study,1791542519199
1791546663708,76.6,0.3,83.0,0.4,-1,-1,1,0,ADAPTIVE_DISABLED,Adaptive concurrency disabled for ablation study,1791542519199
1791546668707,78.5,0.3,90.1,0.4,-1,-1,1,0,ADAPTIVE_DISABLED,Adaptive concurrency disabled for ablation study,1791542519199
1791546673707,76.8,0.3,49.3,0.4,-1,-1,1,0,ADAPTIVE_DISABLED,Adaptive concurrency disabled for ablation study,1791542519199
1791546678706,78.1,0.3,82.8,0.4,-1,-1,1,0,ADAPTIVE_DISABLED,Adaptive concurrency disabled for ablation study,1791542519199
1791546683707,76.7,0.3,83.8,0.4,-1,-1,1,0,ADAPTIVE_DISABLED,Adaptive concurrency disabled for ablation study,1791542519199
1791546688706,77.0,0.3,87.7,0.4,-1,-1,1,0,ADAPTIVE_DISABLED,Adaptive concurrency disabled for ablation study,1791542519199
1791546693709,78.7,0.3,91.3,0.4,-1,-1,1,0,ADAPTIVE_DISABLED,Adaptive concurrency disabled for ablation study,1791542519199
1791546698707,77.7,0.3,88.5,0.4,-1,-1,1,0,ADAPTIVE_DISABLED,Adaptive concurrency disabled for ablation study,1791542519199
1791546703708,77.2,0.3,70.2,0.4,-1,-1,1,0,ADAPTIVE_DISABLED,Adaptive concurrency disabled for ablation study,1791542519199
1791546708707,81.2,0.3,90.2,0.4,-1,-1,1,0,ADAPTIVE_DISABLED,Adaptive concurrency disabled for ablation study,1791542519199
1791546713708,75.8,0.3,54.8,0.4,-1,-1,1,0,ADAPTIVE_DISABLED,Adaptive concurrency disabled for ablation study,1791542519199
1791546718706,84.2,0.3,48.5,0.4,-1,-1,1,0,ADAPTIVE_DISABLED,Adaptive concurrency disabled for ablation study,1791542519199
1791546723712,84.3,0.3,69.0,0.4,-1,-1,1,0,ADAPTIVE_DISABLED,Adaptive concurrency disabled for ablation study,1791542519199
1791546728707,44.8,0.3,62.5,0.4,-1,-1,1,0,ADAPTIVE_DISABLED,Adaptive concurrency disabled for ablation study,1791542519199
1791546733708,46.5,0.3,70.8,0.4,-1,-1,1,0,ADAPTIVE_DISABLED,Adaptive concurrency disabled for ablation study,1791542519199
1791546738708,47.0,0.3,37.8,0.4,-1,-1,1,0,ADAPTIVE_DISABLED,Adaptive concurrency disabled for ablation study,1791542519199
1791546743713,47.2,0.3,57.3,0.4,-1,-1,1,0,ADAPTIVE_DISABLED,Adaptive concurrency disabled for ablation study,1791542519199
1791546748717,48.0,0.3,57.9,0.4,-1,-1,1,0,ADAPTIVE_DISABLED,Adaptive concurrency disabled for ablation study,1791542519199
1791546753708,48.4,0.3,68.8,0.4,-1,-1,1,0,ADAPTIVE_DISABLED,Adaptive concurrency disabled for ablation study,1791542519199
1791546758707,49.4,0.3,67.2,0.4,-1,-1,1,0,ADAPTIVE_DISABLED,Adaptive concurrency disabled for ablation study,1791542519199
1791546763709,50.1,0.3,54.5,0.4,-1,-1,1,0,ADAPTIVE_DISABLED,Adaptive concurrency disabled for ablation study,1791542519199
1791546768708,67.6,0.3,65.4,0.4,-1,-1,1,0,ADAPTIVE_DISABLED,Adaptive concurrency disabled for ablation study,1791542519199
1791546773716,83.6,0.3,76.0,0.4,-1,-1,1,0,ADAPTIVE_DISABLED,Adaptive concurrency disabled for ablation study,1791542519199
1791546778708,80.6,0.3,89.8,0.4,-1,-1,1,0,ADAPTIVE_DISABLED,Adaptive concurrency disabled for ablation study,1791542519199
1791546783708,74.3,0.3,96.4,0.4,-1,-1,1,0,ADAPTIVE_DISABLED,Adaptive concurrency disabled for ablation study,1791542519199
1791546788707,67.7,0.3,90.2,0.4,-1,-1,1,0,ADAPTIVE_DISABLED,Adaptive concurrency disabled for ablation study,1791542519199
1791546793707,69.2,0.3,73.8,0.4,-1,-1,1,0,ADAPTIVE_DISABLED,Adaptive concurrency disabled for ablation study,1791542519199
1791546798708,69.7,0.3,26.9,0.4,-1,-1,1,0,ADAPTIVE_DISABLED,Adaptive concurrency disabled for ablation study,1791542519199
1791546803707,74.1,0.3,22.0,0.4,-1,-1,1,0,ADAPTIVE_DISABLED,Adaptive concurrency disabled for ablation study,1791542519199
1791546808707,75.1,0.3,73.2,0.4,-1,-1,1,0,ADAPTIVE_DISABLED,Adaptive concurrency disabled for ablation study,1791542519199
1791546813707,77.0,0.3,88.3,0.4,-1,-1,1,0,ADAPTIVE_DISABLED,Adaptive concurrency disabled for ablation study,1791542519199
1791546818706,75.4,0.3,69.1,0.4,-1,-1,1,0,ADAPTIVE_DISABLED,Adaptive concurrency disabled for ablation study,1791542519199
1791546823719,76.0,0.3,87.3,0.4,-1,-1,1,0,ADAPTIVE_DISABLED,Adaptive concurrency disabled for ablation study,1791542519199
1791546828708,76.8,0.3,80.8,0.4,-1,-1,1,0,ADAPTIVE_DISABLED,Adaptive concurrency disabled for ablation study,1791542519199
1791546833714,76.0,0.3,86.9,0.4,-1,-1,1,0,ADAPTIVE_DISABLED,Adaptive concurrency disabled for ablation study,1791542519199
1791546838707,77.1,0.3,86.9,0.4,-1,-1,1,0,ADAPTIVE_DISABLED,Adaptive concurrency disabled for ablation study,1791542519199
1791546843707,75.4,0.3,87.4,0.4,-1,-1,1,0,ADAPTIVE_DISABLED,Adaptive concurrency disabled for ablation study,1791542519199
1791546848708,75.5,0.3,86.8,0.4,-1,-1,1,0,ADAPTIVE_DISABLED,Adaptive concurrency disabled for ablation study,1791542519199
1791546853709,76.1,0.3,89.1,0.4,-1,-1,1,0,ADAPTIVE_DISABLED,Adaptive concurrency disabled for ablation study,1791542519199
1791546858706,81.1,0.3,93.9,0.4,-1,-1,1,0,ADAPTIVE_DISABLED,Adaptive concurrency disabled for ablation study,1791542519199
1791546863721,84.5,0.3,34.4,0.4,-1,-1,1,0,ADAPTIVE_DISABLED,Adaptive concurrency disabled for ablation study,1791542519199
1791546868707,81.8,0.3,38.0,0.4,-1,-1,1,0,ADAPTIVE_DISABLED,Adaptive concurrency disabled for ablation study,1791542519199
1791546873710,81.7,0.3,66.9,0.4,-1,-1,1,0,ADAPTIVE_DISABLED,Adaptive concurrency disabled for ablation study,1791542519199
1791546878707,81.4,0.3,53.2,0.4,-1,-1,1,0,ADAPTIVE_DISABLED,Adaptive concurrency disabled for ablation study,1791542519199
1791546883708,60.9,0.3,78.9,0.4,-1,-1,1,0,ADAPTIVE_DISABLED,Adaptive concurrency disabled for ablation study,1791542519199
1791546888708,45.3,0.3,59.2,0.4,-1,-1,1,0,ADAPTIVE_DISABLED,Adaptive concurrency disabled for ablation study,1791542519199
1791546893718,46.1,0.3,69.9,0.4,-1,-1,1,0,ADAPTIVE_DISABLED,Adaptive concurrency disabled for ablation study,1791542519199
1791546898708,46.4,0.3,67.4,0.4,-1,-1,1,0,ADAPTIVE_DISABLED,Adaptive concurrency disabled for ablation study,1791542519199
1791546903709,47.3,0.3,59.8,0.4,-1,-1,1,0,ADAPTIVE_DISABLED,Adaptive concurrency disabled for ablation study,1791542519199
1791546908708,47.8,0.3,63.5,0.4,-1,-1,1,0,ADAPTIVE_DISABLED,Adaptive concurrency disabled for ablation study,1791542519199
1791546913716,48.7,0.3,63.8,0.4,-1,-1,1,0,ADAPTIVE_DISABLED,Adaptive concurrency disabled for ablation study,1791542519199
1791546918707,49.3,0.3,59.1,0.4,-1,-1,1,0,ADAPTIVE_DISABLED,Adaptive concurrency disabled for ablation study,1791542519199
1791546923707,58.2,0.3,38.7,0.4,-1,-1,1,0,ADAPTIVE_DISABLED,Adaptive concurrency disabled for ablation study,1791542519199
1791546928706,74.8,0.3,72.1,0.4,-1,-1,1,0,ADAPTIVE_DISABLED,Adaptive concurrency disabled for ablation study,1791542519199
1791546933718,83.7,0.3,65.8,0.4,-1,-1,1,0,ADAPTIVE_DISABLED,Adaptive concurrency disabled for ablation study,1791542519199
1791546938707,76.3,0.3,64.4,0.4,-1,-1,1,0,ADAPTIVE_DISABLED,Adaptive concurrency disabled for ablation study,1791542519199
1791546943713,69.9,0.3,88.3,0.4,-1,-1,1,0,ADAPTIVE_DISABLED,Adaptive concurrency disabled for ablation study,1791542519199
1791546948708,68.8,0.3,88.7,0.4,-1,-1,1,0,ADAPTIVE_DISABLED,Adaptive concurrency disabled for ablation study,1791542519199
1791546953708,69.6,0.3,69.3,0.4,-1,-1,1,0,ADAPTIVE_DISABLED,Adaptive concurrency disabled for ablation study,1791542519199
1791546958707,73.7,0.3,59.5,0.4,-1,-1,1,0,ADAPTIVE_DISABLED,Adaptive concurrency disabled for ablation study,1791542519199
1791546963717,76.0,0.3,82.7,0.4,-1,-1,1,0,ADAPTIVE_DISABLED,Adaptive concurrency disabled for ablation study,1791542519199
1791546968706,80.1,0.3,68.3,0.4,-1,-1,1,0,ADAPTIVE_DISABLED,Adaptive concurrency disabled for ablation study,1791542519199
1791546973711,77.8,0.3,77.3,0.4,-1,-1,1,0,ADAPTIVE_DISABLED,Adaptive concurrency disabled for ablation study,1791542519199
1791546978707,76.5,0.3,80.3,0.4,-1,-1,1,0,ADAPTIVE_DISABLED,Adaptive concurrency disabled for ablation study,1791542519199
1791546983709,76.0,0.3,72.4,0.4,-1,-1,1,0,ADAPTIVE_DISABLED,Adaptive concurrency disabled for ablation study,1791542519199
1791546988706,79.8,0.3,73.1,0.4,-1,-1,1,0,ADAPTIVE_DISABLED,Adaptive concurrency disabled for ablation study,1791542519199
1791546993706,75.7,0.3,84.2,0.4,-1,-1,1,0,ADAPTIVE_DISABLED,Adaptive concurrency disabled for ablation study,1791542519199
1791546998707,75.8,0.3,76.5,0.4,-1,-1,1,0,ADAPTIVE_DISABLED,Adaptive concurrency disabled for ablation study,1791542519199
1791547003708,80.4,0.3,42.2,0.4,-1,-1,1,0,ADAPTIVE_DISABLED,Adaptive concurrency disabled for ablation study,1791542519199
1791547008708,78.1,0.3,83.4,0.4,-1,-1,1,0,ADAPTIVE_DISABLED,Adaptive concurrency disabled for ablation study,1791542519199
1791547013707,77.2,0.3,84.5,0.4,-1,-1,1,0,ADAPTIVE_DISABLED,Adaptive concurrency disabled for ablation study,1791542519199
1791547018708,76.2,0.3,59.5,0.4,-1,-1,1,0,ADAPTIVE_DISABLED,Adaptive concurrency disabled for ablation study,1791542519199
1791547023708,80.5,0.3,78.0,0.4,-1,-1,1,0,ADAPTIVE_DISABLED,Adaptive concurrency disabled for ablation study,1791542519199
1791547028707,77.3,0.3,82.3,0.4,-1,-1,1,0,ADAPTIVE_DISABLED,Adaptive concurrency disabled for ablation study,1791542519199
1791547033707,77.0,0.3,83.3,0.4,-1,-1,1,0,ADAPTIVE_DISABLED,Adaptive concurrency disabled for ablation study,1791542519199
1791547038707,79.6,0.3,68.5,0.4,-1,-1,1,0,ADAPTIVE_DISABLED,Adaptive concurrency disabled for ablation study,1791542519199
1791547043717,79.2,0.3,82.7,0.4,-1,-1,1,0,ADAPTIVE_DISABLED,Adaptive concurrency disabled for ablation study,1791542519199
1791547048707,76.2,0.3,80.5,0.4,-1,-1,1,0,ADAPTIVE_DISABLED,Adaptive concurrency disabled for ablation study,1791542519199
1791547053708,76.4,0.3,57.2,0.4,-1,-1,1,0,ADAPTIVE_DISABLED,Adaptive concurrency disabled for ablation study,1791542519199
1791547058707,81.5,0.3,87.7,0.4,-1,-1,1,0,ADAPTIVE_DISABLED,Adaptive concurrency disabled for ablation study,1791542519199
1791547063741,87.2,0.3,87.7,0.4,-1,-1,1,0,ADAPTIVE_DISABLED,Adaptive concurrency disabled for ablation study,1791542519199
1791547068708,80.7,0.3,23.3,0.4,-1,-1,1,0,ADAPTIVE_DISABLED,Adaptive concurrency disabled for ablation study,1791542519199
1791547073714,84.0,0.3,64.5,0.4,-1,-1,1,0,ADAPTIVE_DISABLED,Adaptive concurrency disabled for ablation study,1791542519199
1791547078708,84.0,0.3,39.3,0.4,-1,-1,1,0,ADAPTIVE_DISABLED,Adaptive concurrency disabled for ablation study,1791542519199
1791547083708,44.6,0.3,28.3,0.4,-1,-1,1,0,ADAPTIVE_DISABLED,Adaptive concurrency disabled for ablation study,1791542519199
1791547088707,46.4,0.3,63.6,0.4,-1,-1,1,0,ADAPTIVE_DISABLED,Adaptive concurrency disabled for ablation study,1791542519199
1791547093711,47.6,0.3,64.0,0.4,-1,-1,1,0,ADAPTIVE_DISABLED,Adaptive concurrency disabled for ablation study,1791542519199
1791547098708,48.0,0.3,73.2,0.4,-1,-1,1,0,ADAPTIVE_DISABLED,Adaptive concurrency disabled for ablation study,1791542519199
1791547103707,48.3,0.3,64.8,0.4,-1,-1,1,0,ADAPTIVE_DISABLED,Adaptive concurrency disabled for ablation study,1791542519199
1791547108708,48.7,0.3,58.8,0.4,-1,-1,1,0,ADAPTIVE_DISABLED,Adaptive concurrency disabled for ablation study,1791542519199
1791547113707,49.6,0.3,61.8,0.4,-1,-1,1,0,ADAPTIVE_DISABLED,Adaptive concurrency disabled for ablation study,1791542519199
1791547118707,50.5,0.3,36.8,0.4,-1,-1,1,0,ADAPTIVE_DISABLED,Adaptive concurrency disabled for ablation study,1791542519199
1791547123707,70.1,0.3,32.0,0.4,-1,-1,1,0,ADAPTIVE_DISABLED,Adaptive concurrency disabled for ablation study,1791542519199
1791547128709,83.9,0.3,68.5,0.4,-1,-1,1,0,ADAPTIVE_DISABLED,Adaptive concurrency disabled for ablation study,1791542519199
1791547133718,79.6,0.3,58.4,0.4,-1,-1,1,0,ADAPTIVE_DISABLED,Adaptive concurrency disabled for ablation study,1791542519199
1791547138706,73.2,0.3,93.7,0.4,-1,-1,1,0,ADAPTIVE_DISABLED,Adaptive concurrency disabled for ablation study,1791542519199
1791547143716,73.4,0.4,91.8,0.4,-1,-1,1,0,ADAPTIVE_DISABLED,Adaptive concurrency disabled for ablation study,1791542519199
1791547148707,69.2,0.4,78.0,0.4,-1,-1,1,0,ADAPTIVE_DISABLED,Adaptive concurrency disabled for ablation study,1791542519199
1791547153707,69.5,0.4,74.0,0.4,-1,-1,1,0,ADAPTIVE_DISABLED,Adaptive concurrency disabled for ablation study,1791542519199
1791547158710,73.9,0.4,59.3,0.4,-1,-1,1,0,ADAPTIVE_DISABLED,Adaptive concurrency disabled for ablation study,1791542519199
1791547163707,75.4,0.4,87.7,0.4,-1,-1,1,0,ADAPTIVE_DISABLED,Adaptive concurrency disabled for ablation study,1791542519199
1791547168708,75.7,0.4,81.2,0.4,-1,-1,1,0,ADAPTIVE_DISABLED,Adaptive concurrency disabled for ablation study,1791542519199
1791547173707,77.2,0.4,63.7,0.4,-1,-1,1,0,ADAPTIVE_DISABLED,Adaptive concurrency disabled for ablation study,1791542519199
1791547178707,75.3,0.4,87.2,0.4,-1,-1,1,0,ADAPTIVE_DISABLED,Adaptive concurrency disabled for ablation study,1791542519199
1791547183708,75.6,0.4,84.2,0.4,-1,-1,1,0,ADAPTIVE_DISABLED,Adaptive concurrency disabled for ablation study,1791542519199
1791547188707,77.2,0.4,86.9,0.4,-1,-1,1,0,ADAPTIVE_DISABLED,Adaptive concurrency disabled for ablation study,1791542519199
1791547193709,76.1,0.4,84.7,0.4,-1,-1,1,0,ADAPTIVE_DISABLED,Adaptive concurrency disabled for ablation study,1791542519199
1791547198708,76.8,0.4,59.0,0.4,-1,-1,1,0,ADAPTIVE_DISABLED,Adaptive concurrency disabled for ablation study,1791542519199
1791547203708,75.4,0.4,80.8,0.4,-1,-1,1,0,ADAPTIVE_DISABLED,Adaptive concurrency disabled for ablation study,1791542519199
1791547208707,75.4,0.4,89.3,0.4,-1,-1,1,0,ADAPTIVE_DISABLED,Adaptive concurrency disabled for ablation study,1791542519199
1791547213709,81.1,0.4,89.3,0.4,-1,-1,1,0,ADAPTIVE_DISABLED,Adaptive concurrency disabled for ablation study,1791542519199
1791547218707,81.5,0.4,87.3,0.4,-1,-1,1,0,ADAPTIVE_DISABLED,Adaptive concurrency disabled for ablation study,1791542519199
1791547223709,75.7,0.4,67.1,0.4,-1,-1,1,0,ADAPTIVE_DISABLED,Adaptive concurrency disabled for ablation study,1791542519199
1791547228708,83.9,0.4,44.6,0.4,-1,-1,1,0,ADAPTIVE_DISABLED,Adaptive concurrency disabled for ablation study,1791542519199
1791547233707,81.0,0.4,38.2,0.4,-1,-1,1,0,ADAPTIVE_DISABLED,Adaptive concurrency disabled for ablation study,1791542519199
1791547238707,81.1,0.4,70.4,0.4,-1,-1,1,0,ADAPTIVE_DISABLED,Adaptive concurrency disabled for ablation study,1791542519199
1791547243707,81.0,0.4,70.9,0.4,-1,-1,1,0,ADAPTIVE_DISABLED,Adaptive concurrency disabled for ablation study,1791542519199
1791547248707,59.5,0.4,71.7,0.4,-1,-1,1,0,ADAPTIVE_DISABLED,Adaptive concurrency disabled for ablation study,1791542519199
1791547253707,45.8,0.4,64.7,0.4,-1,-1,1,0,ADAPTIVE_DISABLED,Adaptive concurrency disabled for ablation study,1791542519199
1791547258708,46.5,0.4,64.8,0.4,-1,-1,1,0,ADAPTIVE_DISABLED,Adaptive concurrency disabled for ablation study,1791542519199
1791547263707,46.8,0.4,27.9,0.4,-1,-1,1,0,ADAPTIVE_DISABLED,Adaptive concurrency disabled for ablation study,1791542519199
1791547268706,47.9,0.4,66.6,0.4,-1,-1,1,0,ADAPTIVE_DISABLED,Adaptive concurrency disabled for ablation study,1791542519199
1791547273708,48.3,0.4,62.0,0.4,-1,-1,1,0,ADAPTIVE_DISABLED,Adaptive concurrency disabled for ablation study,1791542519199
1791547278707,49.1,0.4,69.8,0.4,-1,-1,1,0,ADAPTIVE_DISABLED,Adaptive concurrency disabled for ablation study,1791542519199
1791547283711,49.8,0.4,65.8,0.4,-1,-1,1,0,ADAPTIVE_DISABLED,Adaptive concurrency disabled for ablation study,1791542519199
1791547288707,60.5,0.4,67.1,0.4,-1,-1,1,0,ADAPTIVE_DISABLED,Adaptive concurrency disabled for ablation study,1791542519199
1791547293710,77.8,0.4,71.8,0.4,-1,-1,1,0,ADAPTIVE_DISABLED,Adaptive concurrency disabled for ablation study,1791542519199
1791547298707,84.0,0.4,82.6,0.4,-1,-1,1,0,ADAPTIVE_DISABLED,Adaptive concurrency disabled for ablation study,1791542519199
1791547303706,77.0,0.4,89.0,0.4,-1,-1,1,0,ADAPTIVE_DISABLED,Adaptive concurrency disabled for ablation study,1791542519199
1791547308707,69.8,0.4,92.0,0.4,-1,-1,1,0,ADAPTIVE_DISABLED,Adaptive concurrency disabled for ablation study,1791542519199
1791547313708,69.0,0.4,86.8,0.4,-1,-1,1,0,ADAPTIVE_DISABLED,Adaptive concurrency disabled for ablation study,1791542519199
1791547318707,69.5,0.4,54.9,0.4,-1,-1,1,0,ADAPTIVE_DISABLED,Adaptive concurrency disabled for ablation study,1791542519199
1791547323706,73.9,0.4,48.2,0.4,-1,-1,1,0,ADAPTIVE_DISABLED,Adaptive concurrency disabled for ablation study,1791542519199
1791547328706,76.8,0.4,54.2,0.4,-1,-1,1,0,ADAPTIVE_DISABLED,Adaptive concurrency disabled for ablation study,1791542519199
1791547333708,75.1,0.4,82.4,0.4,-1,-1,1,0,ADAPTIVE_DISABLED,Adaptive concurrency disabled for ablation study,1791542519199
1791547338707,75.7,0.4,88.6,0.4,-1,-1,1,0,ADAPTIVE_DISABLED,Adaptive concurrency disabled for ablation study,1791542519199
1791547343708,74.8,0.4,79.3,0.4,-1,-1,1,0,ADAPTIVE_DISABLED,Adaptive concurrency disabled for ablation study,1791542519199
1791547348707,74.8,0.4,83.8,0.4,-1,-1,1,0,ADAPTIVE_DISABLED,Adaptive concurrency disabled for ablation study,1791542519199
1791547353719,76.8,0.4,87.1,0.4,-1,-1,1,0,ADAPTIVE_DISABLED,Adaptive concurrency disabled for ablation study,1791542519199
1791547358707,75.3,0.4,82.6,0.4,-1,-1,1,0,ADAPTIVE_DISABLED,Adaptive concurrency disabled for ablation study,1791542519199
1791547363714,75.4,0.4,81.8,0.4,-1,-1,1,0,ADAPTIVE_DISABLED,Adaptive concurrency disabled for ablation study,1791542519199
1791547368708,77.0,0.4,85.8,0.4,-1,-1,1,0,ADAPTIVE_DISABLED,Adaptive concurrency disabled for ablation study,1791542519199
1791547373716,76.2,0.4,92.1,0.4,-1,-1,1,0,ADAPTIVE_DISABLED,Adaptive concurrency disabled for ablation study,1791542519199
1791547378708,80.8,0.4,91.0,0.4,-1,-1,1,0,ADAPTIVE_DISABLED,Adaptive concurrency disabled for ablation study,1791542519199
1791547383706,81.0,0.4,94.0,0.4,-1,-1,1,0,ADAPTIVE_DISABLED,Adaptive concurrency disabled for ablation study,1791542519199
1791547388707,81.4,0.4,86.4,0.4,-1,-1,1,0,ADAPTIVE_DISABLED,Adaptive concurrency disabled for ablation study,1791542519199
1791547393707,81.5,0.4,59.3,0.4,-1,-1,1,0,ADAPTIVE_DISABLED,Adaptive concurrency disabled for ablation study,1791542519199
1791547398706,81.7,0.4,91.6,0.4,-1,-1,1,0,ADAPTIVE_DISABLED,Adaptive concurrency disabled for ablation study,1791542519199
1791547403708,81.7,0.4,93.1,0.4,-1,-1,1,0,ADAPTIVE_DISABLED,Adaptive concurrency disabled for ablation study,1791542519199
1791547408718,82.0,0.4,89.4,0.4,-1,-1,1,0,ADAPTIVE_DISABLED,Adaptive concurrency disabled for ablation study,1791542519199
1791547413707,82.2,0.4,92.6,0.4,-1,-1,1,0,ADAPTIVE_DISABLED,Adaptive concurrency disabled for ablation study,1791542519199
1791547418718,84.8,0.4,63.2,0.4,-1,-1,1,0,ADAPTIVE_DISABLED,Adaptive concurrency disabled for ablation study,1791542519199
1791547423709,80.1,0.4,65.5,0.4,-1,-1,1,0,ADAPTIVE_DISABLED,Adaptive concurrency disabled for ablation study,1791542519199
1791547428707,80.6,0.4,77.6,0.4,-1,-1,1,0,ADAPTIVE_DISABLED,Adaptive concurrency disabled for ablation study,1791542519199
1791547433709,80.4,0.4,59.3,0.4,-1,-1,1,0,ADAPTIVE_DISABLED,Adaptive concurrency disabled for ablation study,1791542519199
1791547438706,59.6,0.4,66.9,0.4,-1,-1,1,0,ADAPTIVE_DISABLED,Adaptive concurrency disabled for ablation study,1791542519199
1791547443716,45.7,0.4,82.7,0.4,-1,-1,1,0,ADAPTIVE_DISABLED,Adaptive concurrency disabled for ablation study,1791542519199
1791547448707,48.0,0.4,64.7,0.4,-1,-1,1,0,ADAPTIVE_DISABLED,Adaptive concurrency disabled for ablation study,1791542519199
1791547453708,48.5,0.4,69.1,0.4,-1,-1,1,0,ADAPTIVE_DISABLED,Adaptive concurrency disabled for ablation study,1791542519199
1791547458708,48.9,0.4,23.1,0.4,-1,-1,1,0,ADAPTIVE_DISABLED,Adaptive concurrency disabled for ablation study,1791542519199
1791547463707,49.2,0.4,66.1,0.4,-1,-1,1,0,ADAPTIVE_DISABLED,Adaptive concurrency disabled for ablation study,1791542519199
1791547468706,50.1,0.4,66.3,0.4,-1,-1,1,0,ADAPTIVE_DISABLED,Adaptive concurrency disabled for ablation study,1791542519199
1791547473709,50.8,0.4,60.0,0.4,-1,-1,1,0,ADAPTIVE_DISABLED,Adaptive concurrency disabled for ablation study,1791542519199
1791547478706,59.6,0.4,75.0,0.4,-1,-1,1,0,ADAPTIVE_DISABLED,Adaptive concurrency disabled for ablation study,1791542519199
1791547483708,76.8,0.4,75.4,0.4,-1,-1,1,0,ADAPTIVE_DISABLED,Adaptive concurrency disabled for ablation study,1791542519199
1791547488707,85.2,0.4,71.9,0.4,-1,-1,1,0,ADAPTIVE_DISABLED,Adaptive concurrency disabled for ablation study,1791542519199
1791547493714,79.0,0.4,92.9,0.4,-1,-1,1,0,ADAPTIVE_DISABLED,Adaptive concurrency disabled for ablation study,1791542519199
1791547498707,72.3,0.4,76.4,0.4,-1,-1,1,0,ADAPTIVE_DISABLED,Adaptive concurrency disabled for ablation study,1791542519199
1791547503707,86.5,0.4,84.1,0.4,-1,-1,1,0,ADAPTIVE_DISABLED,Adaptive concurrency disabled for ablation study,1791542519199
1791547508708,70.5,0.4,64.9,0.4,-1,-1,1,0,ADAPTIVE_DISABLED,Adaptive concurrency disabled for ablation study,1791542519199
1791547513708,71.3,0.4,55.4,0.4,-1,-1,1,0,ADAPTIVE_DISABLED,Adaptive concurrency disabled for ablation study,1791542519199
1791547518707,75.8,0.4,53.6,0.4,-1,-1,1,0,ADAPTIVE_DISABLED,Adaptive concurrency disabled for ablation study,1791542519199
1791547523707,77.7,0.4,64.1,0.4,-1,-1,1,0,ADAPTIVE_DISABLED,Adaptive concurrency disabled for ablation study,1791542519199
1791547528709,76.1,0.4,85.1,0.4,-1,-1,1,0,ADAPTIVE_DISABLED,Adaptive concurrency disabled for ablation study,1791542519199
1791547533708,77.0,0.4,92.0,0.4,-1,-1,1,0,ADAPTIVE_DISABLED,Adaptive concurrency disabled for ablation study,1791542519199
1791547538707,76.3,0.4,89.5,0.4,-1,-1,1,0,ADAPTIVE_DISABLED,Adaptive concurrency disabled for ablation study,1791542519199
1791547543732,76.1,0.4,82.5,0.4,-1,-1,1,0,ADAPTIVE_DISABLED,Adaptive concurrency disabled for ablation study,1791542519199
1791547548706,77.6,0.4,89.7,0.4,-1,-1,1,0,ADAPTIVE_DISABLED,Adaptive concurrency disabled for ablation study,1791542519199
1791547553708,76.2,0.4,89.0,0.4,-1,-1,1,0,ADAPTIVE_DISABLED,Adaptive concurrency disabled for ablation study,1791542519199
1791547558706,76.1,0.4,84.7,0.4,-1,-1,1,0,ADAPTIVE_DISABLED,Adaptive concurrency disabled for ablation study,1791542519199
1791547563718,78.2,0.4,86.9,0.4,-1,-1,1,0,ADAPTIVE_DISABLED,Adaptive concurrency disabled for ablation study,1791542519199
1791547568707,79.0,0.4,91.2,0.4,-1,-1,1,0,ADAPTIVE_DISABLED,Adaptive concurrency disabled for ablation study,1791542519199
1791547573706,82.0,0.4,92.7,0.4,-1,-1,1,0,ADAPTIVE_DISABLED,Adaptive concurrency disabled for ablation study,1791542519199
1791547578708,82.3,0.4,91.3,0.4,-1,-1,1,0,ADAPTIVE_DISABLED,Adaptive concurrency disabled for ablation study,1791542519199
1791547583707,82.5,0.4,85.3,0.4,-1,-1,1,0,ADAPTIVE_DISABLED,Adaptive concurrency disabled for ablation study,1791542519199
1791547588706,82.7,0.4,60.6,0.4,-1,-1,1,0,ADAPTIVE_DISABLED,Adaptive concurrency disabled for ablation study,1791542519199
1791547593715,82.8,0.4,95.4,0.4,-1,-1,1,0,ADAPTIVE_DISABLED,Adaptive concurrency disabled for ablation study,1791542519199
1791547598707,82.8,0.4,88.8,0.4,-1,-1,1,0,ADAPTIVE_DISABLED,Adaptive concurrency disabled for ablation study,1791542519199
1791547603720,83.1,0.4,89.3,0.4,-1,-1,1,0,ADAPTIVE_DISABLED,Adaptive concurrency disabled for ablation study,1791542519199
1791547608707,75.7,0.4,81.5,0.4,-1,-1,1,0,ADAPTIVE_DISABLED,Adaptive concurrency disabled for ablation study,1791542519199
1791547613709,84.4,0.4,72.9,0.4,-1,-1,1,0,ADAPTIVE_DISABLED,Adaptive concurrency disabled for ablation study,1791542519199
1791547618707,81.0,0.4,53.9,0.4,-1,-1,1,0,ADAPTIVE_DISABLED,Adaptive concurrency disabled for ablation study,1791542519199
1791547623708,81.6,0.4,56.7,0.4,-1,-1,1,0,ADAPTIVE_DISABLED,Adaptive concurrency disabled for ablation study,1791542519199
1791547628708,81.7,0.4,40.4,0.4,-1,-1,1,0,ADAPTIVE_DISABLED,Adaptive concurrency disabled for ablation study,1791542519199
1791547633706,81.5,0.4,51.9,0.4,-1,-1,1,0,ADAPTIVE_DISABLED,Adaptive concurrency disabled for ablation study,1791542519199
1791547638717,45.3,0.4,58.5,0.4,-1,-1,1,0,ADAPTIVE_DISABLED,Adaptive concurrency disabled for ablation study,1791542519199
1791547643706,46.7,0.4,58.2,0.4,-1,-1,1,0,ADAPTIVE_DISABLED,Adaptive concurrency disabled for ablation study,1791542519199
1791547648708,47.4,0.4,69.3,0.4,-1,-1,1,0,ADAPTIVE_DISABLED,Adaptive concurrency disabled for ablation study,1791542519199
1791547653709,47.7,0.4,21.6,0.4,-1,-1,1,0,ADAPTIVE_DISABLED,Adaptive concurrency disabled for ablation study,1791542519199
1791547658708,49.2,0.4,63.2,0.4,-1,-1,1,0,ADAPTIVE_DISABLED,Adaptive concurrency disabled for ablation study,1791542519199
1791547663707,49.3,0.4,49.5,0.4,-1,-1,1,0,ADAPTIVE_DISABLED,Adaptive concurrency disabled for ablation study,1791542519199
1791547668706,50.3,0.4,69.5,0.4,-1,-1,1,0,ADAPTIVE_DISABLED,Adaptive concurrency disabled for ablation study,1791542519199
1791547673707,52.7,0.5,75.4,0.4,-1,-1,1,0,ADAPTIVE_DISABLED,Adaptive concurrency disabled for ablation study,1791542519199
1791547678708,70.9,0.5,75.4,0.4,-1,-1,1,0,ADAPTIVE_DISABLED,Adaptive concurrency disabled for ablation study,1791542519199
1791547683708,85.3,0.5,72.6,0.4,-1,-1,1,0,ADAPTIVE_DISABLED,Adaptive concurrency disabled for ablation study,1791542519199
1791547688707,81.2,0.5,92.9,0.4,-1,-1,1,0,ADAPTIVE_DISABLED,Adaptive concurrency disabled for ablation study,1791542519199
1791547693711,74.8,0.5,88.2,0.4,-1,-1,1,0,ADAPTIVE_DISABLED,Adaptive concurrency disabled for ablation study,1791542519199
1791547698707,72.3,0.5,96.8,0.4,-1,-1,1,0,ADAPTIVE_DISABLED,Adaptive concurrency disabled for ablation study,1791542519199
1791547703708,69.6,0.5,72.6,0.4,-1,-1,1,0,ADAPTIVE_DISABLED,Adaptive concurrency disabled for ablation study,1791542519199
1791547708707,70.8,0.5,70.2,0.4,-1,-1,1,0,ADAPTIVE_DISABLED,Adaptive concurrency disabled for ablation study,1791542519199
1791547713707,75.5,0.5,42.3,0.4,-1,-1,1,0,ADAPTIVE_DISABLED,Adaptive concurrency disabled for ablation study,1791542519199
1791547718706,78.1,0.5,60.7,0.4,-1,-1,1,0,ADAPTIVE_DISABLED,Adaptive concurrency disabled for ablation study,1791542519199
1791547723709,76.4,0.5,89.4,0.4,-1,-1,1,0,ADAPTIVE_DISABLED,Adaptive concurrency disabled for ablation study,1791542519199
1791547728709,77.2,0.5,88.5,0.4,-1,-1,1,0,ADAPTIVE_DISABLED,Adaptive concurrency disabled for ablation study,1791542519199
1791547733709,76.6,0.5,87.1,0.4,-1,-1,1,0,ADAPTIVE_DISABLED,Adaptive concurrency disabled for ablation study,1791542519199
1791547738709,76.7,0.5,84.7,0.4,-1,-1,1,0,ADAPTIVE_DISABLED,Adaptive concurrency disabled for ablation study,1791542519199
1791547743708,77.7,0.5,89.9,0.4,-1,-1,1,0,ADAPTIVE_DISABLED,Adaptive concurrency disabled for ablation study,1791542519199
1791547748708,76.3,0.5,77.1,0.4,-1,-1,1,0,ADAPTIVE_DISABLED,Adaptive concurrency disabled for ablation study,1791542519199
1791547753707,76.1,0.5,90.1,0.4,-1,-1,1,0,ADAPTIVE_DISABLED,Adaptive concurrency disabled for ablation study,1791542519199
1791547758707,78.1,0.5,86.6,0.4,-1,-1,1,0,ADAPTIVE_DISABLED,Adaptive concurrency disabled for ablation study,1791542519199
1791547763708,79.1,0.5,84.4,0.4,-1,-1,1,0,ADAPTIVE_DISABLED,Adaptive concurrency disabled for ablation study,1791542519199
1791547768706,81.8,0.5,73.4,0.4,-1,-1,1,0,ADAPTIVE_DISABLED,Adaptive concurrency disabled for ablation study,1791542519199
1791547773706,82.1,0.5,89.0,0.4,-1,-1,1,0,ADAPTIVE_DISABLED,Adaptive concurrency disabled for ablation study,1791542519199
1791547778707,82.5,0.5,91.9,0.4,-1,-1,1,0,ADAPTIVE_DISABLED,Adaptive concurrency disabled for ablation study,1791542519199
1791547783713,82.4,0.5,60.6,0.4,-1,-1,1,0,ADAPTIVE_DISABLED,Adaptive concurrency disabled for ablation study,1791542519199
1791547788707,82.6,0.5,87.1,0.4,-1,-1,1,0,ADAPTIVE_DISABLED,Adaptive concurrency disabled for ablation study,1791542519199
1791547793707,80.4,0.5,76.2,0.4,-1,-1,1,0,ADAPTIVE_DISABLED,Adaptive concurrency disabled for ablation study,1791542519199
1791547798707,84.9,0.5,71.7,0.4,-1,-1,1,0,ADAPTIVE_DISABLED,Adaptive concurrency disabled for ablation study,1791542519199
1791547803706,81.1,0.5,71.4,0.4,-1,-1,1,0,ADAPTIVE_DISABLED,Adaptive concurrency disabled for ablation study,1791542519199
1791547808708,81.1,0.5,60.1,0.4,-1,-1,1,0,ADAPTIVE_DISABLED,Adaptive concurrency disabled for ablation study,1791542519199
1791547813707,81.4,0.5,61.1,0.4,-1,-1,1,0,ADAPTIVE_DISABLED,Adaptive concurrency disabled for ablation study,1791542519199
1791547818707,59.8,0.5,67.7,0.4,-1,-1,1,0,ADAPTIVE_DISABLED,Adaptive concurrency disabled for ablation study,1791542519199
1791547823706,45.8,0.5,57.6,0.4,-1,-1,1,0,ADAPTIVE_DISABLED,Adaptive concurrency disabled for ablation study,1791542519199
1791547828708,46.6,0.5,60.3,0.4,-1,-1,1,0,ADAPTIVE_DISABLED,Adaptive concurrency disabled for ablation study,1791542519199
1791547833706,46.8,0.5,56.6,0.4,-1,-1,1,0,ADAPTIVE_DISABLED,Adaptive concurrency disabled for ablation study,1791542519199
1791547838707,47.6,0.5,66.2,0.4,-1,-1,1,0,ADAPTIVE_DISABLED,Adaptive concurrency disabled for ablation study,1791542519199
1791547843710,47.8,0.5,71.9,0.4,-1,-1,1,0,ADAPTIVE_DISABLED,Adaptive concurrency disabled for ablation study,1791542519199
1791547848707,48.7,0.5,21.1,0.4,-1,-1,1,0,ADAPTIVE_DISABLED,Adaptive concurrency disabled for ablation study,1791542519199
1791547853708,49.8,0.5,64.8,0.4,-1,-1,1,0,ADAPTIVE_DISABLED,Adaptive concurrency disabled for ablation study,1791542519199
1791547858706,57.6,0.5,61.5,0.4,-1,-1,1,0,ADAPTIVE_DISABLED,Adaptive concurrency disabled for ablation study,1791542519199
1791547863707,74.1,0.5,73.5,0.4,-1,-1,1,0,ADAPTIVE_DISABLED,Adaptive concurrency disabled for ablation study,1791542519199
1791547868707,84.8,0.5,55.2,0.4,-1,-1,1,0,ADAPTIVE_DISABLED,Adaptive concurrency disabled for ablation study,1791542519199
1791547873707,78.1,0.5,93.2,0.4,-1,-1,1,0,ADAPTIVE_DISABLED,Adaptive concurrency disabled for ablation study,1791542519199
1791547878707,71.9,0.5,92.9,0.4,-1,-1,1,0,ADAPTIVE_DISABLED,Adaptive concurrency disabled for ablation study,1791542519199
1791547883709,85.4,0.5,93.2,0.4,-1,-1,1,0,ADAPTIVE_DISABLED,Adaptive concurrency disabled for ablation study,1791542519199
1791547888706,69.5,0.5,70.7,0.4,-1,-1,1,0,ADAPTIVE_DISABLED,Adaptive concurrency disabled for ablation study,1791542519199
1791547893708,70.5,0.5,47.1,0.4,-1,-1,1,0,ADAPTIVE_DISABLED,Adaptive concurrency disabled for ablation study,1791542519199
1791547898708,76.5,0.5,60.6,0.4,-1,-1,1,0,ADAPTIVE_DISABLED,Adaptive concurrency disabled for ablation study,1791542519199
1791547967693,79.7,0.5,99.7,0.4,-1,-1,1,0,ADAPTIVE_DISABLED,Adaptive concurrency disabled for ablation study,1791542519199
1791547967698,79.0,0.5,99.7,0.4,-1,-1,1,0,ADAPTIVE_DISABLED,Adaptive concurrency disabled for ablation study,1791542519199
1791547967699,79.0,0.5,99.7,0.4,-1,-1,1,0,ADAPTIVE_DISABLED,Adaptive concurrency disabled for ablation study,1791542519199
1791547967700,79.0,0.5,99.7,0.4,-1,-1,1,0,ADAPTIVE_DISABLED,Adaptive concurrency disabled for ablation study,1791542519199
1791547967701,79.0,0.5,99.7,0.4,-1,-1,1,0,ADAPTIVE_DISABLED,Adaptive concurrency disabled for ablation study,1791542519199
1791547967702,79.0,0.5,99.7,0.4,-1,-1,1,0,ADAPTIVE_DISABLED,Adaptive concurrency disabled for ablation study,1791542519199
1791547967704,79.0,0.5,99.7,0.4,-1,-1,1,0,ADAPTIVE_DISABLED,Adaptive concurrency disabled for ablation study,1791542519199
1791547967706,79.0,0.5,99.7,0.4,-1,-1,1,0,ADAPTIVE_DISABLED,Adaptive concurrency disabled for ablation study,1791542519199
1791547967707,79.0,0.5,99.7,0.4,-1,-1,1,0,ADAPTIVE_DISABLED,Adaptive concurrency disabled for ablation study,1791542519199
1791547967709,79.0,0.5,99.7,0.4,-1,-1,1,0,ADAPTIVE_DISABLED,Adaptive concurrency disabled for ablation study,1791542519199
1791547967710,79.0,0.5,99.7,0.4,-1,-1,1,0,ADAPTIVE_DISABLED,Adaptive concurrency disabled for ablation study,1791542519199
1791547967712,79.0,0.5,99.7,0.4,-1,-1,1,0,ADAPTIVE_DISABLED,Adaptive concurrency disabled for ablation study,1791542519199
1791547967715,79.0,0.5,99.7,0.4,-1,-1,1,0,ADAPTIVE_DISABLED,Adaptive concurrency disabled for ablation study,1791542519199
1791547967717,79.0,0.5,99.7,0.4,-1,-1,1,0,ADAPTIVE_DISABLED,Adaptive concurrency disabled for ablation study,1791542519199
1791547969708,82.5,0.5,100.0,0.4,-1,-1,1,0,ADAPTIVE_DISABLED,Adaptive concurrency disabled for ablation study,1791542519199
1791547974687,87.9,0.5,100.0,0.4,-1,-1,1,0,ADAPTIVE_DISABLED,Adaptive concurrency disabled for ablation study,1791542519199
1791547979687,87.0,0.5,100.0,0.4,-1,-1,1,0,ADAPTIVE_DISABLED,Adaptive concurrency disabled for ablation study,1791542519199
1791547984686,86.2,0.5,99.4,0.4,-1,-1,1,0,ADAPTIVE_DISABLED,Adaptive concurrency disabled for ablation study,1791542519199
1791547989687,87.3,0.5,87.4,0.4,-1,-1,1,0,ADAPTIVE_DISABLED,Adaptive concurrency disabled for ablation study,1791542519199
1791547994687,92.3,0.5,86.9,0.4,-1,-1,1,0,ADAPTIVE_DISABLED,Adaptive concurrency disabled for ablation study,1791542519199
1791547999686,92.0,0.5,94.5,0.4,-1,-1,1,0,ADAPTIVE_DISABLED,Adaptive concurrency disabled for ablation study,1791542519199
1791548004686,91.8,0.5,79.6,0.4,-1,-1,1,0,ADAPTIVE_DISABLED,Adaptive concurrency disabled for ablation study,1791542519199
1791548009692,92.9,0.5,71.4,0.4,-1,-1,1,0,ADAPTIVE_DISABLED,Adaptive concurrency disabled for ablation study,1791542519199
1791548014687,56.5,0.5,37.2,0.4,-1,-1,1,0,ADAPTIVE_DISABLED,Adaptive concurrency disabled for ablation study,1791542519199
1791548019686,58.0,0.5,59.5,0.4,-1,-1,1,0,ADAPTIVE_DISABLED,Adaptive concurrency disabled for ablation study,1791542519199
1791548024688,60.0,0.5,95.4,0.4,-1,-1,1,0,ADAPTIVE_DISABLED,Adaptive concurrency disabled for ablation study,1791542519199
1791548029687,61.8,0.5,59.8,0.4,-1,-1,1,0,ADAPTIVE_DISABLED,Adaptive concurrency disabled for ablation study,1791542519199
1791548034687,90.8,0.5,35.0,0.4,-1,-1,1,0,ADAPTIVE_DISABLED,Adaptive concurrency disabled for ablation study,1791542519199
1791548039687,81.5,0.5,92.0,0.4,-1,-1,1,0,ADAPTIVE_DISABLED,Adaptive concurrency disabled for ablation study,1791542519199
1791548044686,77.9,0.5,61.5,0.4,-1,-1,1,0,ADAPTIVE_DISABLED,Adaptive concurrency disabled for ablation study,1791542519199
1791548049687,85.3,0.5,88.3,0.4,-1,-1,1,0,ADAPTIVE_DISABLED,Adaptive concurrency disabled for ablation study,1791542519199
1791548054687,83.8,0.5,97.2,0.4,-1,-1,1,0,ADAPTIVE_DISABLED,Adaptive concurrency disabled for ablation study,1791542519199
1791548059688,84.1,0.5,98.0,0.4,-1,-1,1,0,ADAPTIVE_DISABLED,Adaptive concurrency disabled for ablation study,1791542519199
1791548064689,83.8,0.5,97.0,0.4,-1,-1,1,0,ADAPTIVE_DISABLED,Adaptive concurrency disabled for ablation study,1791542519199
1791548069690,84.1,0.5,89.0,0.4,-1,-1,1,0,ADAPTIVE_DISABLED,Adaptive concurrency disabled for ablation study,1791542519199
1791548074687,86.2,0.5,92.6,0.4,-1,-1,1,0,ADAPTIVE_DISABLED,Adaptive concurrency disabled for ablation study,1791542519199
1791548079687,90.0,0.5,70.4,0.4,-1,-1,1,0,ADAPTIVE_DISABLED,Adaptive concurrency disabled for ablation study,1791542519199
1791548084686,85.3,0.5,78.8,0.4,-1,-1,1,0,ADAPTIVE_DISABLED,Adaptive concurrency disabled for ablation study,1791542519199
1791548089686,90.6,0.5,27.8,0.4,-1,-1,1,0,ADAPTIVE_DISABLED,Adaptive concurrency disabled for ablation study,1791542519199
1791548094687,70.6,0.5,47.9,0.4,-1,-1,1,0,ADAPTIVE_DISABLED,Adaptive concurrency disabled for ablation study,1791542519199
1791548099686,56.0,0.5,21.4,0.4,-1,-1,1,0,ADAPTIVE_DISABLED,Adaptive concurrency disabled for ablation study,1791542519199
1791548104686,57.4,0.5,37.8,0.4,-1,-1,1,0,ADAPTIVE_DISABLED,Adaptive concurrency disabled for ablation study,1791542519199
1791548109686,58.7,0.5,70.5,0.4,-1,-1,1,0,ADAPTIVE_DISABLED,Adaptive concurrency disabled for ablation study,1791542519199
1791548114687,74.6,0.5,28.3,0.4,-1,-1,1,0,ADAPTIVE_DISABLED,Adaptive concurrency disabled for ablation study,1791542519199
1791548119687,87.0,0.5,75.9,0.4,-1,-1,1,0,ADAPTIVE_DISABLED,Adaptive concurrency disabled for ablation study,1791542519199
1791548124686,76.0,0.5,77.9,0.4,-1,-1,1,0,ADAPTIVE_DISABLED,Adaptive concurrency disabled for ablation study,1791542519199
1791548129686,81.2,0.5,71.8,0.4,-1,-1,1,0,ADAPTIVE_DISABLED,Adaptive concurrency disabled for ablation study,1791542519199
1791548134686,83.7,0.5,65.3,0.4,-1,-1,1,0,ADAPTIVE_DISABLED,Adaptive concurrency disabled for ablation study,1791542519199
1791548139689,82.6,0.5,77.3,0.4,-1,-1,1,0,ADAPTIVE_DISABLED,Adaptive concurrency disabled for ablation study,1791542519199
1791548144686,82.7,0.5,64.5,0.4,-1,-1,1,0,ADAPTIVE_DISABLED,Adaptive concurrency disabled for ablation study,1791542519199
1791548149694,82.8,0.6,88.6,0.4,-1,-1,1,0,ADAPTIVE_DISABLED,Adaptive concurrency disabled for ablation study,1791542519199
1791548154686,88.2,0.6,91.9,0.4,-1,-1,1,0,ADAPTIVE_DISABLED,Adaptive concurrency disabled for ablation study,1791542519199
1791548159686,88.8,0.6,75.3,0.4,-1,-1,1,0,ADAPTIVE_DISABLED,Adaptive concurrency disabled for ablation study,1791542519199
1791548164686,90.3,0.6,43.2,0.4,-1,-1,1,0,ADAPTIVE_DISABLED,Adaptive concurrency disabled for ablation study,1791542519199
1791548169687,86.9,0.6,62.8,0.4,-1,-1,1,0,ADAPTIVE_DISABLED,Adaptive concurrency disabled for ablation study,1791542519199
1791548174687,48.8,0.6,67.2,0.4,-1,-1,1,0,ADAPTIVE_DISABLED,Adaptive concurrency disabled for ablation study,1791542519199
1791548179686,51.4,0.6,23.4,0.4,-1,-1,1,0,ADAPTIVE_DISABLED,Adaptive concurrency disabled for ablation study,1791542519199
1791548184687,52.5,0.6,68.6,0.4,-1,-1,1,0,ADAPTIVE_DISABLED,Adaptive concurrency disabled for ablation study,1791542519199
1791548189686,53.9,0.6,22.6,0.4,-1,-1,1,0,ADAPTIVE_DISABLED,Adaptive concurrency disabled for ablation study,1791542519199
1791548194687,86.2,0.6,65.7,0.4,-1,-1,1,0,ADAPTIVE_DISABLED,Adaptive concurrency disabled for ablation study,1791542519199
1791548199687,76.4,0.6,64.2,0.4,-1,-1,1,0,ADAPTIVE_DISABLED,Adaptive concurrency disabled for ablation study,1791542519199
1791548204686,73.4,0.6,76.7,0.4,-1,-1,1,0,ADAPTIVE_DISABLED,Adaptive concurrency disabled for ablation study,1791542519199
1791548209687,78.8,0.6,85.8,0.4,-1,-1,1,0,ADAPTIVE_DISABLED,Adaptive concurrency disabled for ablation study,1791542519199
1791548214686,79.2,0.6,90.2,0.4,-1,-1,1,0,ADAPTIVE_DISABLED,Adaptive concurrency disabled for ablation study,1791542519199
1791548219699,80.8,0.6,86.0,0.4,-1,-1,1,0,ADAPTIVE_DISABLED,Adaptive concurrency disabled for ablation study,1791542519199
1791548224687,80.9,0.6,82.7,0.4,-1,-1,1,0,ADAPTIVE_DISABLED,Adaptive concurrency disabled for ablation study,1791542519199
1791548229687,78.9,0.6,62.7,0.4,-1,-1,1,0,ADAPTIVE_DISABLED,Adaptive concurrency disabled for ablation study,1791542519199
1791548234687,85.1,0.6,57.9,0.4,-1,-1,1,0,ADAPTIVE_DISABLED,Adaptive concurrency disabled for ablation study,1791542519199
1791548239691,85.6,0.6,91.0,0.4,-1,-1,1,0,ADAPTIVE_DISABLED,Adaptive concurrency disabled for ablation study,1791542519199
1791548244686,84.6,0.6,54.5,0.4,-1,-1,1,0,ADAPTIVE_DISABLED,Adaptive concurrency disabled for ablation study,1791542519199
1791548249686,84.7,0.6,33.5,0.4,-1,-1,1,0,ADAPTIVE_DISABLED,Adaptive concurrency disabled for ablation study,1791542519199
